location,disaster_rate,count
  ,1.0,1
  Glasgow ,0.0,1
"  Melbourne, Australia",0.0,1
  News,1.0,1
  ГҐ_ ,0.0,1
 45ГҐВЎ 5'12.53N   14ГҐВЎ 7'24.93E,0.0,1
" 616 В‰Г›Вў Kentwood , MI ",1.0,1
 ? ??????? ? ( ?? ГҐВЎ ? ? ? ГҐВЎ),1.0,1
 ?currently writing a book?,0.0,1
 Alberta,1.0,1
 Alex/Mika/Leo|18|he/she/they,0.0,1
" BC, US, Asia or Europe.",0.0,1
 Baku & Erzurum ,1.0,1
 Blood Indian Reserve,0.0,1
 Bouvet Island,1.0,1
" Eugene, Oregon",0.0,1
 Indiana,0.0,1
 Jariana Town,0.0,1
" Little Rock, AR",0.0,1
 Miami Beach,0.0,1
" Nevada Carson City,Freeman St",1.0,1
 Neverland ,0.0,1
 New Delhi ,0.0,1
 New England,1.0,1
 Nxgerxa,0.0,1
" Quantico Marine Base, VA.",0.0,1
" Queensland, Australia",0.5,2
 Road to the Billionaires Club,0.16666666666666666,6
 Somewhere.,0.0,1
 The World,1.0,1
 Tropical SE FLorida,0.0,1
 snapchat // fvck_casper ,0.0,1
 |IG: imaginedragoner,0.0,1
"#1 Vacation Destination,HAWAII",1.0,1
#937??#734,0.0,1
#????? Libya#,1.0,1
#BlackLivesMatter,1.0,1
#BossNation!,0.0,1
#Bummerville otw,1.0,1
#EngleWood CHICAGO ,0.0,1
#FLIGHTCITY UK  ,0.0,3
#ForeverWithBAP 8 ,0.0,1
#GDJB #ASOT,0.0,1
#Gladiator В‰Г›Вў860В‰Г›Вў757В‰Г›Вў,0.0,1
#HAMont,0.0,1
#HarleyChick#PJNT#RunBenRun,0.0,2
#KaumElite;#F?VOR;#SMOFC,1.0,1
#LemonGang ,0.0,1
#MadeInNorthumberland,0.0,1
#MayGodHelpUS,0.0,1
#NewcastleuponTyne #UK,0.0,1
#ODU,0.0,1
#PhanTrash,0.0,1
#RedSoxNation,0.0,1
#SOUTHAMPTON ENGLAND,0.0,1
#SandraBland,0.0,1
#UNITE THE BLUE  ,0.0,1
#WashingtonState #Seattle,1.0,1
#WhereverI'mAt,0.0,1
#expelcl*y,0.0,1
#freegucci,0.0,1
#goingdownthetoilet Illinois,1.0,1
#iminchina,1.0,1
#keepthefaith J&J,1.0,1
#otrakansascity,0.0,1
#partsunknown,1.0,1
$ad $hawty,0.0,1
'Merica,0.0,1
'SAN ANTONIOOOOO',0.0,1
'soooota,1.0,1
"( ?ГҐВЎ ?? ?ГҐВЎ), ",0.0,1
(RP),0.0,1
(Spain),1.0,1
(a) property of the universe,0.0,1
(he/him),0.0,1
"-6.152261,106.775995",0.0,1
-?s?s?j??s-,1.0,1
... -.- -.--,1.0,1
//??//,1.0,1
//RP\ ot @Mort3mer\\,0.0,1
05/04/2014 18:23 ?,0.0,1
1/10 Taron squad,0.0,1
1/3 of the blam squad ,0.0,1
10 Steps Ahead.  Cloud 9,1.0,1
10-Jul,0.0,1
107-18 79TH STREET,0.0,2
11/4/14,0.0,1
11202,1.0,1
"11th dimension, los angeles",0.0,1
"1313 W.Patrick St, Frederick",0.0,1
14/cis/istj ,0.0,1
140920-21 & 150718-19 BEIJING,0.0,2
"1648 Queen St. West, Toronto.",0.0,1
17-Feb,0.0,1
17th Dimension,1.0,1
18 | 509 ,0.0,1
18 В‰Г›Вў CC,0.0,1
"19.600858, -99.047821",1.0,2
1D | 5SOS | AG,0.0,1
2 high 2 come down ,1.0,1
"2,360 miles away",0.0,1
2005 |-/,0.0,1
"204, 555 11 Ave. S.W.",1.0,1
21 | PNW,0.0,1
"21, Porto",0.0,1
"21.462446,-158.022017",0.6666666666666666,3
23 countries and counting!,0.0,1
253,0.0,1
"261 5th Avenue New York, NY ",1.0,1
"2B Hindhede Rd, Singapore",0.0,1
3.28.15|7.20.15|7.25.15,0.0,1
3000 miles from everyone,0.0,1
302,0.0,2
302???? 815,1.0,1
304,0.0,9
316,1.0,1
36 & 38,0.0,1
3?3?7?SLOPelousas??2?2?5?,0.0,1
3???2???????,0.0,1
3rd Eye Chakra,1.0,1
401 livin',1.0,1
412 NW 5th Ave. Portland OR,0.0,1
434,0.0,2
"46.950109,7.439469",1.0,1
"48.870833,2.399227",1.0,1
5-Feb,1.0,1
5/5 access / rt link please x,0.0,1
50% Queanbeyan - 50% Sydney,1.0,1
"505 W. Maple, Suite 100",0.0,1
518,0.0,1
518 ГҐГЎ NY,0.0,1
"52.479722, 62.184971",0.0,1
"570 Vanderbilt; Brooklyn, NY",0.0,1
6,0.0,1
60th St (SS),0.0,1
617-BTOWN-BEATDOWN,0.0,2
627,0.0,1
65,0.0,1
650/559,0.0,1
709?,0.0,1
73101,1.0,1
772 Temperance Permenence,1.0,1
"801 SL,UT",0.0,1
828/704(Soufside)/while looking goofy in NJ,0.0,1
828??864??803,0.0,1
876 Jamrock.,1.0,1
9/1/13,0.0,1
92,1.0,1
94123,0.0,1
956,0.0,1
?,0.25,4
? ,0.0,2
? Jet Life ?,0.0,1
? Philly Baby ?,0.0,1
? icon by @Hashiren_3 ?,0.0,1
? miranda ? 521 mi,0.0,1
?205?478?,0.0,1
??,0.5,4
?? ?+254? ? \??ГҐВЎ_??ГҐВЎ_???ГҐВЎ_?/??,1.0,1
?? ??,0.0,1
?? Cloud Mafia ??,0.0,1
?? Made in the Philippines ??,0.0,1
??+ ... ??+,0.0,1
??9?,0.0,1
???,0.6666666666666666,3
???  Dreamz,0.0,2
??? ?? ??????? ,1.0,1
??? ??? ????? ??? ???.,1.0,1
??? ???? ??????,1.0,1
??? ???? ?f glory. ?,0.0,1
??? ?????????????,1.0,1
????,0.0,2
???? ???????,1.0,1
?????,0.5,4
????? ???? ????,1.0,1
??????,0.5,6
?????? ??? ?????? ????????,0.0,1
?????? ???? ??????,1.0,1
?????? in Yokohama Japan,1.0,1
??????? ??????? ????????,1.0,1
"???????, ??'??????",0.0,1
"???????, Texas",0.0,1
???????? ?????????.,0.0,1
???????????,0.0,1
??????????? ???????????..? ,0.0,1
????????????,1.0,1
"?????????????, Thailand ",1.0,1
??????????????,1.0,1
??????????????????,1.0,1
????s ?? ????ГЊГё????ГЊВЎa,1.0,1
??t?a,0.0,1
?@symbolicjensen?,0.0,1
?Gangsta OC / MV RP; 18+.?,1.0,1
?^ГҐГЎ??ГҐГЎ?^?? ??,0.0,1
?s????ss? a?????,0.0,1
?semekeepschanging@soyeh?,0.0,1
@ ForSL/RP,1.0,1
@UntmdOutdoors #T.O.R.K ,0.0,1
@cockerelshoes,0.0,1
@notoriousD12,0.0,1
@potteratthedisc,1.0,1
@protectingtitan's side.,0.0,1
A Hoop Somewhere,0.0,1
A little house in the outback.,1.0,2
A small federal enclave,1.0,1
A sofa,0.0,1
A.A.S my Aztec Princess,0.0,1
ACCRA GHANA,1.0,1
AEP,0.0,1
AFRICA,1.0,1
AKRON OHIO USA,1.0,1
ALWAYS DYING NEVER RESTING,1.0,1
ANDY 4 LEADER X,0.0,1
ANYWEHERE !!,0.0,1
ARBAILO,0.0,1
ARGENTINA,1.0,3
ARIZONA,0.0,1
ATL ? SEA ,0.0,1
ATL ??,0.0,1
"ATL, GA",0.0,1
ATL??AL??,0.0,1
"ATLANTA , GEORGIA ",0.0,1
ATX,0.0,1
AUS,0.0,1
AUSTRALIA-SOUTHAFRICA-CAMBODIA,1.0,1
AZ,0.0,1
"Aarhus, Central Jutland",0.0,1
"Ab, Canada",0.0,1
Aberdeenshire,0.0,1
Above the snake line - #YoNews,1.0,2
"Absecon, NJ",1.0,1
Abuja,0.0,1
"Abuja, Nigeria",0.0,1
"Abuja,Nigeria",1.0,1
"Accra,Ghana",0.0,2
Across the Atlantic,0.0,1
Ad Majorem Dei Glorium,1.0,1
Adelaide,1.0,1
"Adelaide, Australia",0.0,3
"Adelaide, South Australia",0.0,2
Adventist - Lesson Sabbath,1.0,1
Adventuring in Narnia,0.0,1
Afghanistan,1.0,1
"Afghanistan, USA",1.0,1
Africa,1.0,3
"Aix-en-Provence, France",0.0,1
Aix-en-Provence/Utrecht,0.0,1
Akure city in ondo state ,1.0,1
Alabama,0.0,2
"Alabama, USA",0.0,1
"Alameda and Pleasanton, CA",0.0,1
"Alameda, CA",1.0,1
Alaska,0.0,2
"Alaska, USA",1.0,1
Albany/NY,0.0,1
Alberta ,1.0,1
Alberta Pack,0.0,1
Alberta | Sask. | Montana,1.0,1
"Alberta, VA",0.0,1
Albuquerque,1.0,1
Albuquerque New Mexico,0.0,1
"Alexandria, Egypt.",1.0,1
"Alexandria, VA",0.5,2
"Alexandria, VA, USA",1.0,1
Alger-New York-San Francisco,1.0,1
"Alicante, Spain",1.0,1
"Alicante, Valencia",0.0,1
All Around the World,0.0,1
All around the world,0.0,1
All around the world baby,0.0,1
All around the world!,0.0,1
Alliston Ontario,0.0,1
"Alphen aan den Rijn, Holland",0.0,1
Also follow ?,1.0,1
"Alvin, TX",0.0,1
Am International,0.0,1
Amarillo,1.0,1
"Amazon Seller , Propagandist",1.0,1
America,0.6666666666666666,3
America of Founding Fathers,0.3333333333333333,3
America | New Zealand ,0.0,1
Americas Newsroom,1.0,1
"Ames, IA",1.0,1
"Ames, Iowa",1.0,1
"Amman, Jordan",1.0,1
"Amman,Jordan",1.0,1
Amsterdam,1.0,1
Amsterdam & Worldwide,1.0,1
Amsterdam | San Francisco,1.0,1
An eight-sided polygon,1.0,1
Anaheim,1.0,1
"Anchorage, AK",0.6666666666666666,3
"Anderson, SC",1.0,1
Ankara - Malatya - ad Orontem,1.0,1
"Anna Maria, FL",0.0,1
"Annapolis, MD",1.0,1
Anonymous,0.6666666666666666,3
Antarctica,1.0,1
Antigua ?? NYC ,0.0,1
"Antioch, CA ",0.0,1
Anywhere,1.0,1
Anywhere I like,0.0,1
Anywhere Safe,1.0,1
Aperture Science Test Facility,0.0,1
Aracaju - Sergipe,1.0,1
Area 8 ,0.0,1
Argentina,0.0,1
Argus Industries \m/666\m/,1.0,1
Arizona,0.3333333333333333,3
Arizona ,0.5,2
Arkansas,1.0,1
"Arkansas, Jonesboro",1.0,1
"Arlington, TX",0.3333333333333333,3
"Arlington, VA",0.0,1
"Arlington, VA and DC",1.0,1
"Arnhem, the Netherlands",1.0,1
Aro Diaspora,1.0,1
Around the world,1.0,1
Arthas US,0.0,1
Arundel ,1.0,1
"Arvada, CO",1.0,1
Asgard,1.0,1
"Ashburn, VA",0.0,2
"Asheboro, NC",0.0,1
"Asheville, NC",0.6,5
"Ashford, Kent, United Kingdom",1.0,1
"Ashland, Oregon",1.0,1
Ashxjonespr@gmail.com,1.0,1
Asia,0.6666666666666666,3
Asia European Continent Korea ,0.0,1
Asia Pacific   ,1.0,1
"Astley, Manchester",0.0,1
AsunciГЊ_n-PY / TГЊ_bingen-GER,0.0,1
At Da Laundry Mat Wit Nivea ,1.0,1
At Work,0.0,1
At your back,0.0,1
Athens - Nicosia,0.0,1
"Athens, Greece",1.0,1
"Athens,Greece",1.0,1
Atlanta,0.3333333333333333,6
Atlanta - FAU class of '18,1.0,1
Atlanta Georgia,1.0,1
Atlanta Georgia ,0.25,4
Atlanta g.a.,0.0,1
"Atlanta(ish), GA",0.0,1
"Atlanta, GA",0.5,10
"Atlanta, Ga",0.0,1
"Atlanta, Georgia",0.0,1
"Atlanta, Georgia USA",0.0,1
"Atlanta,Ga",0.0,1
"Atlantic Highlands, NJ",1.0,1
"Atlantic, IA",0.0,1
Atmosphere,0.0,1
Attock,0.0,1
Auburn ,0.0,1
"Auburn, AL",1.0,1
Auckland,0.5,2
"Auckland, New Zealand",0.0,2
"Augusta, GA",0.0,1
"Augusta, Maine, 04330",0.0,1
"Aurora, IL",0.0,1
"Aurora, Ontario ",0.0,1
Austin,1.0,1
Austin TX,1.0,1
Austin | San Diego,0.0,1
"Austin, TX",0.42857142857142855,7
"Austin, Texas",0.3333333333333333,3
Austin/Los Angeles,0.0,1
Australia,0.5,18
Australia ,1.0,1
Australian Capital Territory,1.0,1
"Aveiro, Portugal",0.0,1
Avon,0.0,1
"Avon, OH",1.0,1
Azeroth,1.0,1
Aztec NM,0.0,1
B&B near Alton Towers,0.0,1
BC,0.0,1
BIG D  HOUSTON/BOSTON/DENVER,0.0,1
"BILASPUR,CHHATTISGARH,495001",1.0,1
BKI-KUA,0.0,1
BOSTON-LONDON,0.0,1
BOT ACCOUNT,0.0,1
BROKE NIGGAS DREAM!!,0.0,1
"BROOKLYN, NYC",1.0,1
Back East in PA,0.0,1
Bacon,0.0,1
Bagalkote Karnataka ,0.0,1
Bahrain,1.0,1
Baker City Oregon,0.0,1
"Bakersfield, CA",0.0,1
"Bakersfield, California",1.0,2
Balikesir - Eskisehir,0.0,1
Baltimore,0.0,2
"Baltimore, MD",0.3333333333333333,3
Banbridge,1.0,1
"Bandar Lampung, Indonesia",1.0,1
Bandung,1.0,2
Bangalore,1.0,1
"Bangalore City, India",1.0,1
"Bangalore, INDIA",0.0,1
"Bangalore, India",0.5,2
Bangalore. India,0.0,1
Bangkok,1.0,1
Bangkok Thailand,0.0,1
"Bangor, Co.Down",0.0,1
Barbados,0.25,4
"Barcelona, Spain",0.0,1
"Bartholomew County, Indiana",1.0,1
Based in CA - Serve Nationwide,1.0,1
"Based out of Portland, Oregon",0.0,1
"Basketball City, USA ",0.0,1
"Basking Ridge, NJ",0.0,1
Bathtub de Bett ,0.0,1
Baton Rouge,0.0,1
"Baton Rouge, LA",0.0,2
Bay Area,0.0,1
"Bay Area, CA",0.0,1
Baydestrian,1.0,1
"Bayonne, NJ",0.0,1
Beacon Hills,0.0,1
"Beaumont, TX",1.0,1
Beautiful British Columbia,0.0,1
Bedford IN ,1.0,1
"Bedford, England",0.0,1
Behind The Obama Curtain,1.0,1
"Beirut, Lebanon",1.0,1
Beirut/Toronto,1.0,1
Beit El - Israel,1.0,1
"Belbroughton, England",1.0,1
Belfast,0.0,1
Belgium,0.5,2
Belgrade,0.0,1
"Belleville, Illinois",0.0,1
Bellevue NE,1.0,1
"Bellville, Ohio",0.0,1
"Bend, Oregon",1.0,4
Benedict College,0.0,1
"Benicia, CA ",0.0,1
"Benton City, Washington",1.0,1
Berlin - Germany,1.0,2
"Berlin, Germany",1.0,2
"Berlin, NY, DC, Malibu",1.0,1
Beside Basketball,1.0,1
BestCoast,0.0,1
Between Dire and Radiant,0.0,1
Between the worlds ,0.0,1
"Bhopal, Madhya Pradesh, India.",1.0,1
Bhubneshwar,0.0,1
Big NorthEast Litter Box,0.0,1
Bikini bottom,0.0,1
"Biloxi, Mississippi",0.0,1
"Birdland, New Meridian, FD",0.0,1
Birmingham,0.75,4
Birmingham & Bristol,1.0,1
Birmingham UK,1.0,1
Birmingham and the Marches,1.0,1
"Birmingham, England",0.3333333333333333,3
"Birmingham, UK",1.0,1
"Birmingham, United Kingdom",1.0,1
"Bishops Lydeard, England",0.0,1
"Bishops Stortford, England",1.0,1
"BiГЊВ±an,Laguna",1.0,1
"Black Canyon New River, AZ",1.0,1
Blackpool,1.0,2
"Blackpool, England, UK.",0.0,1
Bleak House,1.0,1
Blogland,0.0,1
"Bloomington, IN",0.0,1
"Bloomington, Indiana",1.0,1
"BodГЊГј, Norge",0.0,1
"Boise, Idaho",1.0,2
"Bokaro Steel City, Jharkhand",0.0,1
Boksburg,0.0,1
"Bolivar, MO",0.0,1
"Bolton & Tewkesbury, UK",1.0,1
Bombardment Bay,1.0,1
Bon Temps Louisiana,0.0,1
"Books Published, USA",0.0,1
Born in Baltimore Living in PA,0.0,1
Bossland,0.0,1
Boston,0.6666666666666666,3
Boston MA,0.0,2
Boston В‰Г›Вў Cape Cod ?,1.0,1
"Boston, MA",0.2,5
"Boston, Massachusetts",1.0,1
Boston/Montreal ,0.0,1
Boulder,0.0,1
"Boulder, CO",1.0,1
Bournemouth,0.0,2
"Bournemouth, Dorset, UK",1.0,1
"Bow, NH",0.0,1
"Bozeman, Montana",0.0,1
"Brackley Beach, PE, Canada",0.0,1
Bracknell,1.0,1
Brasil,0.2,5
"Brasil, Fortaleza ce",0.0,1
"Brasil,SP",0.0,1
BrasГЊ_lia,0.0,1
Brazil,0.0,3
Brazil ,0.0,1
"Brazos Valley, Texas",1.0,1
Breaking News,1.0,2
"Brecksville, OH",0.0,1
"Bremerton, WA",1.0,1
"Brentwood, NY",0.0,1
"Brentwood,TN",0.0,1
"Bridport, England",0.0,1
Brighton and Hove,0.0,1
Brisbane,0.5,2
Brisbane Australia,0.0,1
"Brisbane, Queensland",0.0,1
Brisbane.,1.0,1
Bristol,0.0,1
"Bristol, England",1.0,1
"Bristol, UK",1.0,1
"British Columbia, Canada",0.75,4
British girl in Texas,0.0,1
Brizzle City !,1.0,1
"Broadview Heights, Ohio",0.0,1
Bronx NY,1.0,2
Bronx NYC / M-City NY,0.0,1
"Bronx, NY",0.0,1
"Bronx, New York",1.0,1
Brooklyn,1.0,1
"Brooklyn, NY",0.16666666666666666,6
"Brooklyn, New York",1.0,1
"Broomfield, CO",1.0,1
BrowardCounty // Florida ,0.0,1
Brum/Lestah ,0.0,1
Bucharest,1.0,1
"Bucks County, Pa",0.0,1
"Budapest, Hungary",0.0,2
Buenos Aires,0.5,2
"Buenos Aires, Argentina",0.5,2
Buffalo NY,1.0,1
"Buffalo, NY",0.3333333333333333,3
Buffalo/DC,1.0,1
Bug Forest,0.0,1
Bukittinggi  ?? Sumatera Barat,1.0,2
Bulgaria,0.0,1
"Burbank,CA",1.0,1
"Burlington, VT",1.0,1
Buscame EL tu Melte,1.0,1
Bushkill pa,0.0,1
"Buxton, Venice, and Nottingham",1.0,1
Buy Give Me My Money ,0.0,3
CA,0.0,3
CA ??DC,0.0,1
CA physically- Boston Strong?,0.5,2
CA via Brum,0.6666666666666666,3
"CA, AZ & NV",0.0,1
"CAMARILLO, CA",1.0,1
CCH ,0.0,1
CHICAGO,1.0,1
CHICAGO (312),0.0,1
CLT,0.0,1
CLVLND,0.0,1
COMING SOON,0.0,1
CORNFIELDS,1.0,1
"CPT & JHB, South Africa",0.0,1
CT & NY,0.0,1
CT ? NYC,0.0,1
"CT, USA",0.0,1
"Cairo, Egypt",1.0,1
"Cairo, Egypt.",0.0,1
Calgary,1.0,4
"Calgary, AB",0.6,5
"Calgary, AB, Canada",1.0,3
"Calgary, Alberta",0.6666666666666666,6
"Calgary, Alberta, Canada",1.0,1
"Calgary, Canada",1.0,1
"Calgary,AB, Canada",1.0,1
Calgary/Airdrie/RedDeer/AB,0.0,1
California,0.4117647058823529,17
California ,0.6666666666666666,3
California or Colorado,0.0,1
"California, USA",0.5333333333333333,15
"California, United States",0.16666666666666666,6
CamaquГЊВЈ/Pelotas,0.0,1
"Camberwell, Melbourne",1.0,1
"Cambridge, MA",0.0,1
"Cambridge, Massachusetts",0.0,1
"Cambridge, Massachusetts, U.S.",0.0,1
Cameroon,1.0,1
Campinas Sp,0.0,1
Campo Grande-MS,1.0,1
Canada,0.4482758620689655,29
Canada ,0.0,1
Canada BC,0.0,1
Canada Eh! ,0.0,1
Canadian bread,0.0,1
"Canberra, Australian Capital Territory",1.0,1
Canterbury kent,0.0,1
Cape Cod,1.0,1
"Cape Cod, Massachusetts USA",1.0,1
"Cape Neddick, ME",1.0,1
Cape Town,0.5,4
"Cape Town, Khayelitsha",0.0,1
"Caracas, Venezuela.",1.0,1
"Cardiff, UK",1.0,1
"Cardiff, Wales",0.0,1
Caribbean,1.0,1
"Carol Stream, Illinois",1.0,1
Carregado,0.0,1
Carry On Jutta!!!,0.0,1
Carterville,1.0,1
Cascadia,0.0,1
"Caserta-Roma, Italy ",1.0,1
Cassadaga Florida,1.0,1
"Castaic, CA",0.0,1
"Catalonia, Spain",0.0,1
Catskills,1.0,1
"Cavite, Philippines",0.0,1
"Cedar Island, Clinton CT 06413",1.0,1
Center for Domestic Preparedness,1.0,1
"Central Coast, California",1.0,1
Central Florida,1.0,1
Central Illinois,1.0,1
Centurion ,1.0,1
"Chamblee, Georgia",1.0,1
"Chandler, AZ",1.0,1
"Chapel Hill, NC",1.0,1
Chappaqua NY and Redlands CA,1.0,1
Charleston S.C.,1.0,1
"Charleston, IL",0.0,1
"Charleston, SC",1.0,1
"Charleston, WV",0.0,1
Charlotte,0.5,2
Charlotte ,1.0,1
Charlotte County Florida,1.0,1
Charlotte NC,0.5,2
"Charlotte, N.C.",1.0,1
"Charlotte, NC",0.3333333333333333,6
"Charlotte, NC | KГЊВ¦ln, NRW",1.0,1
"Charlotte, North Carolina",0.0,1
Charlottetown,0.0,1
Charter Member of the VRWC,1.0,1
Chasing My Dreams w/Jass??,0.0,1
"Chatham, IL",1.0,1
Chattanooga TN,1.0,1
Chennai,1.0,1
Cherry Creek Denver CO,1.0,2
Cheshire. London. #allover,0.0,1
Chester,0.0,1
Chester ,0.0,1
Chester Football Club,0.0,1
"Chester, IL",0.0,1
"Chevy Chase, MD",1.0,2
Chicago,0.36363636363636365,11
Chicago - Lake Buena Vista,0.0,1
Chicago Area,0.0,1
"Chicago Heights, IL",0.0,1
Chicago IL,1.0,1
"Chicago, IL",0.5,18
"Chicago, IL ",1.0,1
"Chicago, IL 60607",1.0,1
"Chicago, Il",0.0,1
"Chicago, Illinois",0.5,2
"Chicago, but Philly is home",1.0,1
"Chicago,Illinois",0.0,1
ChicagoRObotz,0.0,1
Chicagoland,1.0,1
Chicopee MA,0.0,1
Chicora ?? Oakland,0.0,1
Chile,0.5,2
China,0.0,3
"Chippenham/Bath, UK",0.0,1
"Chiswick, London",0.0,1
"Chiyoda Ward, Tokyo",0.0,1
"Chorley, Lancashire, UK",0.0,1
Christchurch New Zealand,0.0,1
"Christiana,Tennessee",0.0,1
"Cimahi,West Java,Indonesia",1.0,1
Cimerak - Pangandaran,0.0,1
"Cincinnati, OH",0.0,1
City Of Joy,1.0,1
"City of Angels, CA",0.0,1
"City of London, London",1.0,1
"Ciudad AutГЊ_noma de Buenos Aires, Argentina",0.0,1
"Clayton, NC",1.0,1
Clean World,1.0,1
"Clearwater, FL",0.0,1
"Cleveland, OH",0.4,5
"Cleveland, OH - San Diego, CA",1.0,2
"Cleveland, Ohio",0.0,1
"Cleveland, TN",0.0,1
"Click the link below, okay ",0.0,1
Cloud 9,0.0,1
Co. Tyrone Northern Ireland,0.0,1
Coasts of Maine & California,0.0,1
Cobblestone,1.0,1
"Cochrane, Alberta, Canada",1.0,1
"Coconut Creek, Florida",0.0,1
Coimbatore,1.0,1
Colchester Essex ,0.0,1
"College Station, TX",0.0,1
ColoRADo,0.0,1
Colombia,0.0,2
"Colombo,Sri Lanka.",0.0,1
"Colonial Heights, VA",1.0,1
Colorado,0.5,6
Colorado Springs,0.0,1
"Colorado, USA",0.0,1
Colorado/WorldWide,0.0,1
"Columbia Heights, MN",0.0,1
"Columbia, SC",0.5,2
Columbus,0.5,2
Columbus ?? North Carolina,0.0,1
"Columbus, Georgia",0.0,1
"Columbus, OH",0.3333333333333333,3
"Concord, CA",1.0,1
"Concord, N.C.",1.0,1
"Concord, NH ",1.0,1
Connecticut,0.5,2
"Conroe, TX",0.0,1
Contoocook Valley Region of Ne,0.0,1
Conversing In Janet's CafГЊВ¬,0.0,1
"Coolidge, AZ",0.0,1
"Copenhagen, Capital Region of Denmark",1.0,1
Cornwall,1.0,1
Corpus - Las Vegas - Houston,0.0,1
Corpus Christi,1.0,1
"Corpus Christi, Texas",1.0,1
Cosmic Oneness,0.0,1
Costa Rica,0.0,2
Cottonwood Arizona,1.0,1
"County Durham, United Kingdom",0.0,1
Coventry,0.0,5
"Coventry, Rhode Island",0.0,1
"Coventry, UK",0.0,1
Crato - CE ,0.0,1
"Crayford, London",1.0,1
"Crouch End, London",0.0,1
Croydon,0.0,1
"Cuernavaca, Morelos, MГЊВ©xico.",1.0,1
"Cumming, GA",0.5,2
"Cuttack, Orissa",0.0,1
Cydia,0.0,1
Cymru araul,1.0,1
"Cypress, CA 90630",0.0,1
Cyprus,1.0,1
D(M)V  ,1.0,1
D.C. - Baltimore - Annapolis,0.0,1
DC,0.5,2
DC Metro area,0.0,1
"DC, frequently NYC/San Diego",1.0,1
"DFW, Texas",1.0,1
DMV,0.0,1
DRAW A CIRCLE THAT'S THE EARTH,0.0,1
"DaKounty, Pa",1.0,1
Daddy Kink Central,0.0,1
"Dagenham, Essex",0.0,1
Dakar,1.0,1
"Dalkeith, Scotland",0.0,1
Dallas Fort-Worth,0.5,2
"Dallas, TX",0.3333333333333333,9
"Dallas, TX ",1.0,1
"Dallas, Tejas",0.0,1
"Dallas, Texas. ",0.0,1
"Dalston, Hackney",1.0,1
Dammam- KSA,1.0,1
"Danbury, CT",0.0,1
"Danville, VA",0.0,1
Dappar (Mohali) Punjab,1.0,1
Darlington,0.0,1
"Darnley, Prince Edward Island",0.0,1
Daruka (near Tamworth) NSW,0.0,1
Davao City,0.0,1
"Davidson, NC",0.0,1
"Davis, California",1.0,1
"Dayton, OH",0.0,1
"Dayton, Ohio",1.0,1
"Deadend, UK",0.0,1
"Decatur, GA",0.0,2
Definitely NOT the stables,0.0,1
Delhi,0.0,1
Delhi ,0.0,1
"Den Helder, Rijkswerf",0.0,1
"Denton, Texas",0.0,1
Denver Colorado. Fun Times,1.0,1
"Denver, CO",0.5714285714285714,7
"Denver, Colorado",0.6666666666666666,9
Deployed in the Middle East,0.0,1
Depok,0.0,1
Derby,0.0,2
"Derbyshire, United Kingdom",0.0,1
"Derry, 17 ",0.0,1
"Des Moines, IA",0.0,3
"Des Moines, Iowa ",1.0,1
Desde Republica Argentina,0.5,2
Desert Storm?? |BCHS|,0.0,1
Detroit,0.0,2
Detroit Tigers Dugout,0.0,1
"Detroit, MI",0.5,2
"Detroit, MI, United States",0.0,1
"Detroit, Michigan",0.0,1
Detroit/Windsor,0.0,1
Devon/London ,0.0,1
Dhaka,1.0,1
"Dhaka, Bangladsh",1.0,1
Diamondville,0.0,1
Dicky Beach,1.0,1
Did anybody see me here ??,1.0,1
Dil's Campsite,1.0,1
Dimapur,1.0,1
Dime's Palace,0.0,2
"Dindigul,TamilNadu.",1.0,1
Displaced Son of TEXAS!,0.0,1
District 12 - Orange County,1.0,1
District of Gentrification/ DC,0.0,1
Docker container,0.0,1
Does it really matter!,0.5,2
Doghouse,0.0,1
"Dorset, UK",0.0,1
"Dorset, United Kingdom",1.0,1
"Dover, DE",0.0,1
"Downtown Churubusco, Indiana",0.0,1
Downtown Oklahoma City,0.0,1
"Dreieich, Germany",1.0,1
Dubai,1.0,2
"Dubai, UAE",0.5,2
"Dubai, United Arab Emirates",1.0,1
Dublin,0.0,1
"Dublin City, Ireland",0.5,2
"Dublin, Ireland",0.3333333333333333,3
Dudetown,0.0,1
Duncan,1.0,1
"Dundas, Ontario",0.0,1
Dundee,1.0,2
"Dundee, UK",1.0,1
"Dunwoody, GA",0.0,1
"Durand, MI",0.0,1
"Durban, South Africa",0.0,1
Durham N.C ,0.0,1
"Durham, NC",0.0,2
Dutch/English/German,0.0,1
"Duval, WV 25573, USA ?",0.0,1
"DГЊ_sseldorf, Germany",1.0,1
EARTH,1.0,1
EARTH ,0.0,1
ECSU16,0.0,1
EGYPT,1.0,1
EIC,0.5,2
EIU  Chucktown/LaSalle IL,0.0,1
ELVY,0.0,1
EPTX,0.0,1
EVERYWHERE,1.0,1
"Eagle Mountain, Texas ",0.0,1
"Eagle Pass, Texas",1.0,1
Eagle River Alaska,1.0,1
"Ealing, London",1.0,1
Earth,0.7272727272727273,11
Earth ,0.0,1
Earth 0,0.0,1
"Earth, Milky Way, Universe",1.0,1
Earth-616,0.0,1
Earth: Senseless nonsense,1.0,1
Earthling (For now!),1.0,1
"East Atlanta, Georgia",1.0,1
"East Aurora, NY",0.0,1
East Coast,0.3333333333333333,3
"East Islip, NY",1.0,1
East Kilbride,0.0,1
"East Lansing, MI",0.0,1
East London,0.0,1
East London. ,0.0,1
East TN.,0.0,1
EastAtlanta ??#WestGeorgia'18,0.0,1
EastCarolina,0.5,2
Eastbourne England,0.0,1
Eastern Iowa,1.0,1
"Eastlake, OH",0.0,1
"Eau Claire, Wisconsin",1.0,1
"Eaubonne, 95, France",0.0,1
Ebola,1.0,1
Ecuador,0.0,1
"Edappally,Kochi",0.0,1
"Eddyville, Oregon 97343",1.0,1
Edinburgh,0.0,4
"Edinburgh, Scotland",0.0,1
"Edmonton, Alberta",1.0,1
"Edmonton, Alberta - Treaty 6",1.0,1
"El Dorado, Arkansas",1.0,2
"El Dorado, KS",1.0,1
"El Paso, TX",0.0,1
"El Paso, Texas",1.0,1
Elchilicitanierraversal ,0.0,1
"Eldoret, kenya",1.0,2
"Elizabeth, NJ",0.0,1
"Elk Grove, CA, USA",1.0,1
"Elkhart, IN",0.0,1
Ellensburg to Spokane,1.0,1
"Elmwood Park, NJ",0.0,1
"Elsewhere, NZ",0.0,1
"Ely, Cambridgeshire",1.0,1
Email: Lovethterry@gmail.com,1.0,1
Emirates,0.0,1
"Enfield, UK",0.0,2
England,0.6666666666666666,3
England ,0.0,1
"England & Wales Border, UK",0.0,1
"England, Great Britain.",1.0,1
"England, United Kingdom",1.0,2
"England,UK,Europe,Sol 3.",0.0,1
England.,0.0,1
English Midlands,1.0,1
"Enniscrone & Aughris, Sligo ",1.0,1
"Enterprise, Alabama",0.0,1
"Enterprise, NV",0.0,1
"Epic City, BB.",0.5,2
Erbil,1.0,1
"Erie, PA",0.0,2
"Escondido, CA",0.0,1
EspaГЊВ±a,0.0,1
EspaГЊВ±a - Spain - Espagne,1.0,1
"EspaГЊВ±a, Spain",1.0,1
"Espoo, Finland",1.0,1
EspГЊ_rito Santo,0.0,1
Essex,0.0,1
"Essex, England",0.0,1
Essex/Brighton,0.0,1
Est. September 2012 - Bristol,0.0,1
Estados Unidos,1.0,1
"Eugene, Oregon",1.0,1
"Eureka, California, USA",1.0,1
Europe,1.0,2
"Evanston, IL",1.0,2
"Evansville, IN",1.0,1
"Everett, WA",0.0,1
Evergreen Colorado,0.0,1
Every Where in the World,1.0,1
Every where,0.0,1
EveryWhere,0.0,1
Everywhere,0.2,15
"Ewa Beach, HI",0.0,2
"Eww, I'm not Paul Elam",1.0,1
Extraterrestrial Highway,0.0,1
"FCT, Abuja ",1.0,1
FILM OUT LATE 2015,1.0,1
FIMAK A.S Ist Bolge Muduru,1.0,1
FLYEST HIPPIE YOU KNOW ,0.0,1
FOLLOWS YOU everywhere you go,1.0,1
FSC '19,1.0,1
"Fairfax, VA",1.0,1
"Fairfield, California",1.0,1
Fairgrounds Resident,0.0,1
Fairy Tail! ,1.0,1
Fakefams,1.0,1
Far Away From Home,0.0,1
Fashion Heaven. IG: TMId_,0.0,1
Federal Capital Territory,0.5,2
"Fife, WA",0.0,1
Financial News and Views,1.0,3
Finland,1.0,1
"Fiore, Lamia Scale",1.0,1
Five down from the Coffeeshop,0.6666666666666666,3
"Fleet/Oxford, UK",0.0,1
Flipadelphia,1.0,1
Florida,0.21428571428571427,14
Florida Forever,0.0,1
Florida USA,0.0,1
Florida but I wanna be n Texas,0.0,1
"Florida, USA",0.4,5
"Flushing, Queens",0.0,1
Football Field,1.0,1
Forging my Story,0.0,1
Former Yugoslav Republic of Macedonia,0.0,1
"Fort Calhoun, NE",0.0,1
"Fort Collins, CO",1.0,1
"Fort Fizz, Ohio",0.0,1
"Fort Knox, KY 40121",1.0,1
"Fort Lauderdale, FL",1.0,1
"Fort Myers, Florida",0.0,1
"Fort Smith, AR",0.0,1
"Fort Valley,GA/Fayetteville,AR",1.0,1
"Fort Walton Beach, FL",1.0,1
"Fort Walton Beach, Fl",1.0,1
"Fort Wayne, IN",1.0,1
"Fort Worth,  Texas ",1.0,1
"Fort Worth, Texas",0.0,1
"Fountain City, IN ",0.0,1
"Fountain Valley, CA",0.0,1
France,0.0,1
"Frankfort, KY",0.0,1
"Franklin, TN near Nashville",1.0,1
Frascati,0.0,1
Freddy Fazbears pizzeria,0.0,1
"Fredericksburg, Virginia",1.0,1
"Fredonia,NY",1.0,1
"Free State, South Africa",1.0,1
Freeport IL. USA,1.0,1
Freeport Ny,0.0,1
Freeport il ,0.0,1
Fresno,1.0,1
"Fresno, CA",0.5,2
"Fresno, California",1.0,1
"Friendswood, TX",0.0,1
"Frisco, TX",1.0,1
"From NY. In Scranton, PA",1.0,1
From a torn up town MANCHESTER,1.0,1
"Frome, Somerset, England",0.0,1
Frostburg,0.0,1
Fruit Bowl,0.0,1
"Fukuoka, Japan",1.0,1
Fukushima city Fukushima.pref,0.0,1
"Funtua, Nigeria",1.0,1
GCC,1.0,1
GLOBAL,0.5,2
GLOBAL/WORLDWIDE,0.0,1
GO BLUE! HAIL YES!!,1.0,1
GOT7SupportPH,0.0,1
"GREENSBORO,NORTH CAROLINA",1.0,1
"Gaborone, Botswana",0.0,1
"Gages Lake, IL",1.0,1
"Gainesville, FL",0.5,2
"Gainesville/Tampa, FL",0.0,1
Galapa / AtlГЊГЃntico,0.0,1
Galatians 2:20 ,0.0,1
"Galveston, Texas",0.0,1
Gameday,1.0,1
Gander NF,1.0,1
"Garden City, NY",1.0,1
Garden Grove,0.0,1
Garrett,0.0,1
Geneva,0.5,4
"Geneva, Switzerland",1.0,1
Geneva. And beyond. ,0.0,1
Georgia,0.3333333333333333,3
Georgia ? Tennessee,0.0,1
"Georgia, U.S.A.",1.0,1
"Georgia, USA",0.0,2
Germany,0.3333333333333333,3
Get our App,1.0,1
"Gettysburg, PA",0.0,1
"Giddy, Greenland",0.0,1
Gidi,1.0,1
Glasgow,0.0,3
"Glasgow, Scotland",0.0,2
"Glendale, CA",1.0,1
Glenview to Knoxville ,0.0,1
Global,0.5,6
Global Edition,1.0,1
Global-NoLocation,1.0,2
Gloucester,0.0,1
"Gloucester, MA",1.0,1
"Gloucestershire , UK",0.0,1
"Goa, India",1.0,1
God is Love. ,0.0,1
God.Family.Money,0.0,1
Gold Coast,1.0,1
"Gold Coast, Australia",0.5,2
"Gold Coast, Qld, Australia",1.0,1
Gotham,1.0,1
Gotham City,0.3333333333333333,3
"Gotham City,USA",0.0,1
"GrC Founder, 8,000 Subscribers",0.0,1
Grand Rapids MI,0.0,1
Greater Los Angeles Bearia,0.0,1
"Greater Manchester, UK",0.0,1
"Greeley, CO",1.0,1
"Greenfield, Massachusetts",0.0,1
Greenpoint,0.0,1
"Greenpoint, Brooklyn",0.0,1
"Greensboro, NC",0.0,1
"Greensboro, North Carolina",1.0,2
"Greensburg, PA",0.0,1
Greenville,0.0,1
"Greenville, S.C.",1.0,1
"Greenville,SC",0.0,1
Greenwich Meridian,1.0,1
Greg's place,0.0,1
Griffin :3,0.0,1
"Grimsby, England",0.0,1
"Groningen, Netherlands, Europe",1.0,1
"Groton, CT",0.0,1
Guatemala,1.0,1
Guayaquil,0.0,1
Guelph Ontario Canada,0.0,1
"Guildford, UK",0.0,1
"Gujranwala, Pakistan",1.0,1
Gumptown,0.0,1
"Gurgaon, Haryana. ",0.0,1
"Gwersyllt, Wales",0.0,1
H / pez & sophia ,0.0,1
HIВ‰Г›ВўUTВ‰Г›ВўAS,0.0,1
HOMRA.,0.0,1
HTX,0.0,2
Haarlem,0.0,1
"Hackney, London",0.0,2
"Haddonfield, NJ",1.0,4
"Hagerstown, MD",1.0,1
"Haiku, Maui, Hawaii",1.0,1
Hailing from Dayton ,0.0,1
Halfrica,1.0,1
Halifax,0.0,2
"Halifax, NS, Canada",0.0,1
"Halifax, Nouvelle-ГЊГ¤cosse",0.0,1
"Halifax, Nova Scotia",1.0,1
Halton Region,0.0,1
"Halton, Ontario",1.0,1
"Hamburg, DE",0.0,1
Hame,1.0,1
"Hamilton County, IN",1.0,1
"Hamilton, ON",0.0,1
"Hamilton, Ontario CA",0.0,1
"Hamilton, Ontario Canada",1.0,1
"Hammersmith, London",1.0,1
Hampshire UK,0.0,1
"Hampshire, UK",1.0,1
"Hampstead, London.",0.0,1
"Hampton Roads, VA",0.0,1
"Hannover, Germany",1.0,1
Happily Married with 2 kids ,0.0,4
"Harbour Heights, FL",0.0,1
"Harlem, NY or Chocolate City",0.0,1
"Harlem, New York",0.0,1
"Harlingen, TX",0.0,1
"Harper Woods, MI",0.0,1
"Harpurhey, Manchester, UK",0.0,1
"Harris County, Texas",0.0,1
Hartford  London Hong Kong,0.0,1
"Hartford,  connecticut",0.0,1
"Hartford, Connecticut",1.0,1
"Hatteras, North Carolina",0.0,1
"Hattiesburg, MS",0.0,1
"Haveli, Maharashtra",0.0,1
Havenford,1.0,1
Hawaii,1.0,1
Hawaii USA,1.0,1
"Hawaii, USA",1.0,3
"Hawthorne, NE",1.0,1
"Haysville, KS",0.3333333333333333,3
Head Office: United Kingdom,1.0,1
Headed To The Top,1.0,1
Hearts & Minds,0.0,1
Heathrow,1.0,1
Heaven,1.0,2
Heinz Field ,1.0,1
Hell,0.0,1
Helsinki,1.0,2
"Helsinki, Finland",0.0,1
Hemel Hempstead,0.0,1
"Henderson, NV",0.0,1
"Henderson, Nevada",0.0,1
"Hendersonville, NC",0.0,1
"Hensley Street, Portland",1.0,1
Here & There,1.0,1
Here And There,1.0,1
Here there and everywhere,1.0,1
"Here, there and everywhere",1.0,1
"Here, unless there.  ",1.0,1
Here.,0.0,2
"Hermitage, PA",0.0,1
"Hermosa Beach, CA",0.0,1
Hertfordshire ,1.0,1
"Hickville, USA",0.0,1
Higher Places,0.0,1
"Highland Park, CA",0.0,1
"Hillsville/Lynchburg, VA",0.0,1
"Hilton Head, SC  ",0.0,1
Himalayan Mountains,1.0,1
Hinterestland,0.0,1
"Hinton, W.Va.",1.0,1
Hogsmeade,0.0,1
Hogwarts,0.0,1
"Holland MI via Houston, CLE",0.0,1
"Holly Springs, NC ",1.0,1
"Holly, MI",0.0,1
Hollywood,1.0,1
"Hollywood, CA",0.0,1
Home is where we park it!,1.0,1
Home of the Takers.,0.0,1
Homs- Syria,1.0,1
Honduras,0.0,2
Honeymoon ГЊВЈve.,0.0,1
Hong Kong,1.0,3
"Honolulu, Hawaii",1.0,1
"Honolulu,Hawaii ",0.0,1
Hooters on Peachtree,0.0,1
"Hope Road, Jamaica ",0.0,1
"Horsemind, MI",0.0,1
"Hospital, bc of SKH vid.",0.0,1
Host of #MindMoversPodcast,1.0,1
Houma La,0.0,1
Houston,0.5,2
Houston ,1.0,1
Houston TX,1.0,2
Houston |??| Corsicana,0.0,1
"Houston,  TX",0.0,1
"Houston, TX",0.5,8
"Houston, TX  ",0.0,1
"Houston, Texas",1.0,1
"Houston, Texas ! ",0.0,1
"Hoxton, London",1.0,1
Htx,0.0,1
"Huber Heights, OH",0.0,1
"Hudson Valley, NY",1.0,1
Hueco Mundo,0.0,1
"Hughes, AR",1.0,1
"Huntington, WV",0.0,1
"Huntley, IL",0.0,1
Huntsville AL,1.0,1
"Huntsville, AL",0.5,2
"Huntsville, Alabama",1.0,1
Hustletown,1.0,1
Hyderabad Telangana INDIA,1.0,1
Hyrule,0.0,1
I ACCEPT SONG REQUESTS,1.0,1
I Heard #2MBikers,1.0,1
I O W A,0.0,1
I rap to burn shame.,1.0,1
I'm standing behind you,0.0,1
I-75 in Florida,1.0,1
IDN,0.0,1
IG : Sincerely_TSUNAMI,0.0,1
IG/SC:bjfordiani,0.0,1
IG: AyshBanaysh,0.0,1
"IJmuiden, The Netherlands",0.0,1
IL,0.0,1
IM LOST ,0.0,1
IN,1.0,1
IN our hearts  Earth Global ,0.0,1
INDIA,0.0,1
IRAQ,1.0,1
ITALY,1.0,1
IUPUI '19,0.0,1
"Ibadan,Oyo state",1.0,1
Idaho,0.0,1
Ideally under a big tree,0.0,1
"Ikeja, Nigeria",1.0,1
Ikorodu,1.0,1
"Ile-Ife,Osun state, Nigeria",1.0,1
"Iliff,Colorado  ",1.0,1
Illinois,0.0,1
"Illinois, USA",0.6666666666666666,3
Illumination ,0.0,1
Im Around ... Jersey,0.0,1
Im In Route ,1.0,1
"In #Fairie, where else? ;-)",0.0,1
In @4SkinChan 's arms,1.0,1
In Hell,1.0,2
In My Lab Creating ,0.0,1
In Space,0.0,1
In The Mansion,0.0,1
In Your Notifications ,0.0,1
In a crazy genius mind,0.0,1
In a graveyard ,0.0,1
In my own world!!!,1.0,1
In my studio,1.0,1
In the Shadows,1.0,1
In the Shadows...,0.0,1
In the clouds...,0.0,1
In the middle of no where,0.0,1
In the moment,0.0,1
In the potters hands,1.0,2
In the spirit world,1.0,1
In your head,0.0,1
In your mind,0.0,1
Inang Pamantasan,0.0,1
Incognito,0.0,2
IndiLand ,0.0,1
India,0.8333333333333334,24
Indiana,0.0,5
"Indiana, USA",0.0,1
"Indianapolis, IN",0.6666666666666666,3
Indonesia,0.6153846153846154,13
"Indonesia
",1.0,1
Inexpressible Island ,1.0,3
"Inglewood, CA",0.0,1
Innerhalb der LГЊ_cke,0.0,1
"Innsmouth, Mass.",0.0,1
Inside the Beltway (DC Area),1.0,1
Inside your mind.,0.0,1
Inside your webcam. Stop that.,0.0,1
Instagram - @heyimginog ,0.0,2
Instagram: trillrebel_,0.0,1
Insula Barataria,0.0,1
Intermountain West,1.0,1
International,0.0,1
International ,1.0,1
International Action,1.0,1
Internet,1.0,1
InterplanetaryZone,0.0,1
"Intramuros, Manila",0.0,1
"Inverness, Nova Scotia",0.0,1
"Iowa, USA",0.0,1
Iraq|Afghanistan| RSA |Baghdad,0.0,3
Ireland,0.5,12
"Irving , Texas",0.0,1
Islamabad,1.0,1
"Island Lake, IL",0.0,1
Isle of Man,1.0,1
Isolated City In World Perth,1.0,1
Israel,0.5,2
Istanbul,0.5,2
Italy,0.3333333333333333,3
"Itirapina, SГЊВЈo Paulo",0.0,1
Ivano-Frankivsk,0.0,1
JDB/LJC/AGB/TW/PLL,0.0,1
JKT48-Muse-A7X,0.0,1
Jackson,1.0,1
Jackson TN,0.0,1
"Jackson, MS",1.0,1
"Jacksonville Beach, FL",1.0,1
"Jacksonville, FL",1.0,1
"Jaipur, India",1.0,1
"Jaipur, Rajasthan, India",0.0,1
Jakarta,0.5,2
"Jakarta, Indonesia",0.0,1
Jakarta/Kuala Lumpur/S'pore,1.0,4
JamDung,0.0,1
Jamaica,0.5,4
Jammu and Kashmir,1.0,1
Jammu | Kashmir | Delhi,1.0,1
"Jamshedpur, Jharkhand",0.0,1
Japan,0.75,4
Jeddah_Saudi Arabia.,0.0,1
Jersey,0.0,1
Jersey - C.I,1.0,1
"Jersey City, NJ",0.0,1
"Jersey City, New Jersey",0.0,1
Jersey Shore,1.0,1
"Jerseyville, IL",1.0,1
Jerusalem,0.5,2
Jerusalem!,1.0,1
"Jerusalem, Israel",1.0,1
"Jogja, Indonesia Slowly Asia",0.0,1
Johannesburg ,0.0,1
"Johannesburg, South Africa",0.6666666666666666,3
"Johannesburg, South Africa ",0.0,1
"Johns Creek, GA",0.0,1
"Jonesboro, AR MO, IOWA USA",1.0,1
"Jonesboro, Arkansas USA",1.0,1
"Joshua Tree, CA",1.0,1
"Jubail IC, Saudi Arabia",0.0,1
"Jubail IC, Saudi Arabia.",0.0,1
"July 11th, 2015. ?",0.0,1
Jump City,0.0,1
Jupiter,1.0,2
Just Happy to Be Anywhere,1.0,1
Justin and Ariana follow,0.0,1
"KADUNA, NIGERIA",0.0,1
"KLA,Uganda",1.0,1
KOLKATA,0.0,1
KSU 2017,0.0,1
"Kabul, Tuebingen, Innsbruck",0.0,1
Kajang ? UiTM Puncak Alam,0.0,1
"Kalamazoo, Michigan",0.0,1
"Kalimantan Timur, Indonesia",0.0,1
Kama | 18 | France ,0.0,3
"Kamloops, BC",1.0,1
Kaneohe,0.0,1
Kansas,1.0,1
Kansas City,0.25,4
"Kansas City, MO",0.3333333333333333,3
"Kansas City, Mo.",1.0,1
"Kansas, The Free State! ~ KC",0.0,1
Karachi,1.0,3
Karachi ,1.0,1
Karachi Pakistan,1.0,3
"Karachi, Pakistan",1.0,2
"Karolinska vГЊ_gen 18, Solna",1.0,1
Kashmir!,1.0,2
"Kauai, Hawaii",0.0,1
"Kawartha Lakes, Ontario, Canad",0.0,1
"Keighley, England",0.0,1
"Kelowna, BC",1.0,1
"Kenosha, WI 53143",0.0,1
"Kensington, MD",1.0,1
Kent,0.0,2
"Kenton, Ohio",1.0,1
"Kentucky, USA",0.0,1
Kenya,0.25,20
Kernow,0.0,1
"Kettering, OH",0.0,1
Kicking Horse Pass,1.0,1
Kilkenny,0.0,1
"Killa Hill, CO",0.0,1
Killafornia made me ,1.0,1
Killarney,0.0,1
"Kingston, Jamaica",1.0,2
"Kingston, Pennsylvania",0.0,1
Kingswinford,0.0,1
Kirkwall,0.0,1
Kleenex factory,1.0,1
"Knoxville, TN",0.5,2
"Kodiak, AK",0.0,1
"Kokomo, In",1.0,1
Kolkata,0.5,2
"Kolkata, India",0.0,1
Konoha,0.0,1
Konoha Village,1.0,1
Korea,0.0,2
Ktx,1.0,1
Kuala Lumpur,1.0,1
"Kuala Lumpur, Malaysia",0.0,1
"Kualar Lumpur, Malaysia",1.0,1
KurveZ@GearHeadCentral.net,0.0,1
"Kutztown, PA",0.0,1
Kuwait,1.0,1
Kuwait ,1.0,1
"Kwajalein/Virginia/Dayton, OH",1.0,1
"Kwara, Nigeria",0.0,1
"Kyiv, Ukraine",1.0,1
"KГЊВ¦ln, Nordrhein-Westfalen",1.0,1
L'Enfant Plaza Metro Station,1.0,1
L. A.,1.0,1
L/S/Z/L/T/H/C/H/R/A/S/C,0.0,1
LA,0.0,1
LA - everywhere,0.0,1
LA ??,0.0,1
LA/OC/Vegas,0.0,1
LAGOS,1.0,1
"LEALMAN, FLORIDA",1.0,1
LFC x GSW,1.0,1
"LITTLETON, CO, USA, TERRAN",0.0,1
LIVERPOOL,0.0,1
LOCAL ATLANTA NEWS 4/28/00 - 4/28/15 FREELANCER,0.0,1
"LONG ISLAND, NY",0.0,1
"LP, MN USA",0.0,1
LYNBROOK,0.0,1
"La Grange Park, IL",0.0,1
"La Puente, CA",0.0,1
Lagos,0.6,5
Lagos Nigeria,0.5,2
"Lagos, Nigeria",0.8,5
"Laguna Beach, Calif. ",1.0,1
Lahar & Gwalior,1.0,1
Lahore,0.0,1
"Lahti, Finland",0.0,1
Lake Highlands,0.0,1
"Lake Monticello, VA",1.0,1
"Lakewood, Tennessee",0.0,1
"Lancashire, United Kingdom",0.0,1
Lancaster California,1.0,1
"Lancaster, CA",1.0,1
"Lancaster, Pennsylvania, USA",1.0,1
Land Of The Kings,0.0,1
Land of Lincoln,0.0,1
"Lansdale,Pennsylvania",1.0,1
"Lansing, Michigan",0.0,1
"Laredo, TX",0.0,1
"Largo, MD",0.0,1
"Las Cruces, NM",1.0,1
Las Vegas,0.0,3
Las Vegas aka Hell,1.0,1
"Las Vegas, NV",1.0,1
"Las Vegas, NV ",1.0,1
"Las Vegas, NV USA",0.0,1
"Las Vegas, Nevada",0.5,4
Laventillemoorings ,0.0,1
"Lawrence, KS via Emporia, KS",1.0,1
"Layang-Layang, Perak",0.0,1
Le Memenet,0.0,1
Le Moyne '16,1.0,1
Leaving Bikini Bottom,0.0,1
"Lebanon, Tennessee",1.0,1
"Leduc, Alberta, Canada",1.0,1
Leeds,1.0,1
"Leeds, England",0.0,5
"Leeds, U.K.",0.0,1
"Leeds, UK",1.0,1
"Leeds, United Kingdom",0.0,1
"Leesburg, FL",0.0,2
"Lehigh Valley, PA",1.0,1
Leicester,0.5,4
"Leicester, England",1.0,1
Leitchfield Kentucky,0.0,1
"Lethbridge, AB, Canada",0.0,1
"Lethbridge, Alberta, Canada",1.0,1
"Level 3 Garrison, Sector G",0.0,1
Lexington,1.0,1
LiVE MГЊВЃS,0.0,1
"Liberty Lake, WA",0.0,1
"Liberty Township, Ohio",0.0,1
"Light and dark, form and void",0.0,1
Like us on Face ,0.0,1
"Lima, OH",0.0,1
"Lima, Ohio",1.0,1
"Lima, Peru",0.0,1
"Lima, PerГЊВј",0.0,1
Lima-Peru,0.0,1
Lincoln,0.0,1
Lincoln City Oregon,0.0,1
"Lincoln, IL",0.0,1
"Lincoln, NE",1.0,2
Lindenhurst,0.0,1
"Linton Hall, VA",0.0,1
"Lisbon, Portugal",0.0,2
"Littleton, CO",0.0,1
"Littleton, CO, USA",0.0,1
"Live Oak, TX",1.0,1
Live On Webcam,0.0,2
Live mГЊГЃs,0.0,1
Live4Heed??,0.0,1
Liverpool,1.0,2
Lives in London,1.0,1
"Livingston, IL  U.S.A.",1.0,1
"Livingston, MT",0.0,1
"Livonia, MI",0.0,1
Lizzy's Knee,0.0,1
LiГЊВ¬ge,0.0,1
"Ljubljana, Slovenia",1.0,1
Loading...,1.0,1
Location,0.5,2
London,0.35555555555555557,45
London ,0.0,1
London / Berlin / Online,0.0,1
London / Birmingham,0.0,1
London UK,0.6666666666666666,3
"London, England",0.1,10
"London, Greater London, UK",0.0,1
"London, Kent & SE England.",0.0,1
"London, Riyadh",1.0,1
"London, Sydney",1.0,1
"London, UK",0.5,10
"London, United Kingdom",1.0,1
London.,1.0,1
London/Bristol/Guildford,0.0,1
"London/Lagos/FL ГЊГЏT: 6.6200132,",1.0,1
London/New York,1.0,1
London/Outlaw Country ,0.0,1
London/Surrey ,0.0,1
Londonstan,0.0,1
"Long Beach, CA",0.0,1
Long Eaton ГҐГЎ Derbyshire ГҐГЎ UK,0.0,1
Long Island,0.0,1
Long Island NY & San Francisco,0.0,1
"Long Island, NY",1.0,1
Los Angeles,0.5384615384615384,13
Los Angeles ,0.0,2
Los Angeles New York,0.0,1
Los Angeles for now,1.0,1
"Los Angeles, CA",0.3076923076923077,26
"Los Angeles, Calif.",1.0,1
"Los Angeles, California",0.3333333333333333,3
"Los Angeles, London, Kent",0.0,1
"Los Angeles,CA, USA",0.0,1
Los Angeles... CA... USA,0.0,1
"Los Angles, CA",0.0,1
"Louavul, KY",0.0,1
"Loughborough, England",1.0,1
Loughborough.,1.0,1
"Loughton, Essex, UK",0.0,1
Louisiana,0.0,2
"Louisiana, USA",0.0,1
"Louisville, KY",1.0,1
"Louisville, KY ",0.0,1
Loveland Colorado,0.0,1
"Lowell, MA",0.0,1
"Lubbock, TX",1.0,1
"Lubbock, Texas",0.0,1
"Lucknow, India",1.0,1
Lurking,0.0,1
"Lyallpur, Pakistan",1.0,2
"Lynchburg, VA",0.0,1
"Lynnfield, MA",0.0,1
"Lynwood, CA",0.0,1
Lytham St Anne's ,0.0,1
M!$$!$$!PP!,1.0,1
M!A: None,0.0,1
MA,0.3333333333333333,3
MA via PA,1.0,1
MAD as Hell,1.0,4
MAURITIUS,1.0,1
MD,0.0,1
MI,0.0,1
MI - CA,1.0,1
"MI,USA",0.0,1
MIchigan,1.0,1
MNL,0.0,1
MUM-DEL,1.0,1
MY RTs ARE NOT ENDORSEMENTS,0.0,1
Macclesfield,0.5,2
"Mackay, QLD, Australia",0.5,2
Mackem in Bolton,0.0,1
"Macon, GA",0.5,2
"Macon, Georgia",1.0,1
Made Here In Detroit ,1.0,1
Made in America,0.0,1
"Madison, GA",1.0,2
"Madison, WI",0.3333333333333333,3
"Madison, WI & St. Louis MO",0.0,1
"Madison, Wisconsin, USA",1.0,1
Madisonville TN,0.0,1
Madrid,1.0,1
"Madrid, Comunidad de Madrid",0.0,1
Magnolia,0.0,1
"Magnolia, Fiore ",1.0,1
Maharashtra,1.0,1
Makai,0.0,1
Making Worldwide Change Near U,0.0,1
Malang,1.0,1
Malaysia,0.3333333333333333,3
Malaysia/Jordan,1.0,1
Maldives,0.5,2
Malibu/SantaFe/Winning!,1.0,1
"Manavadar, Gujarat",0.0,1
Manchester,0.2222222222222222,9
Manchester UK,1.0,1
"Manchester, England",0.25,4
"Manchester, NH",1.0,2
"Manchester, The World, England",0.0,1
"Manchester, UK",0.5,2
Manhattan,0.0,1
"Manhattan, NY",0.3333333333333333,3
Manila,1.0,1
Manila City,0.0,1
"Manila, Philippines",0.5,2
"Mankato, MN",1.0,1
"Maracay y Nirgua, Venezuela",1.0,1
Marbella. Spain,1.0,1
"Maricopa, AZ",0.0,1
"Marietta, GA",1.0,1
"Mariveles, Bataan",1.0,1
"Marrakech MГЊВ©dina, Marrakech - Tensift - Al Haouz",1.0,1
Mars,0.0,1
Maryland,0.25,4
Maryland ,0.0,1
"Maryland, USA",0.0,1
"Maryland,Baltimore",0.0,1
"Marysville, MI",0.0,1
Mass,0.0,1
Massachusetts,0.5,6
Massachusetts ,0.0,1
"Massachusetts, USA",0.5,4
"McLean, VA",0.0,1
Me mammy's belly,0.0,1
"Medan,Indonesia",0.0,1
"MedellГЊ_n, Antioquia",0.0,1
"Medford, NJ",1.0,1
"Medford, Oregon",0.0,1
Meereen ,0.0,1
Melbourne,0.75,4
Melbourne Australia,0.5,2
"Melbourne, Australia",0.8,5
"Melbourne, Australia.",1.0,1
"Melbourne, FL",0.0,1
"Melbourne, Florida",1.0,1
"Melbourne, Victoria",0.5,2
Melbourne-ish,0.0,1
Melrose,1.0,1
"Melton, GA",0.0,1
Memphis,0.6666666666666666,3
"Memphis, TN",0.7142857142857143,7
"Memphis, in the Tennessees",1.0,1
"Memphis,TN/ World Wide",0.0,1
"Menasha, WI",1.0,1
Menlo Park. SFO. The World.,0.0,1
Mentor OH,0.0,1
Merica!,0.0,1
"Mesa, AZ",0.5,2
"Methville, CA",0.0,1
Metro Manila,0.0,1
Mexico City,0.0,1
Mexico! ^_^,0.0,1
Miami,0.0,1
Miami ??,0.0,1
"Miami Beach, Fl",0.0,1
Miami via Lima,0.0,1
"Miami, FL",0.0,2
"Miami, Florida",1.0,1
"Miami,FL",1.0,1
"Miami,Fla",1.0,1
Miami?Gainesville,0.0,1
Michel Delving.,0.0,1
Michigan,0.5,4
Michigan ,0.0,1
"Michigan, USA",0.0,2
Mid West,0.0,1
Mid north coast of NSW,1.0,1
Middle Earth / Asgard / Berk,1.0,1
Midwest,1.0,4
"Midwest City, OK",0.0,1
Midwestern USA,1.0,1
Milky Way galaxy ,0.0,1
Milton Keynes ,0.0,1
"Milton Keynes, England",0.0,1
Milton keynes,0.0,1
Milton/Tallahassee,1.0,1
Milwaukee County,0.0,1
Milwaukee WI,0.0,1
"Milwaukee, WI",0.3333333333333333,3
"Minna, Nigeria",0.5,2
Minneapolis - St. Paul,1.0,1
"Minneapolis, MN",0.0,1
"Minneapolis,MN,US",1.0,1
Minneapolis/St. Paul,0.0,1
"Minority Privilege, USA",1.0,1
"Mississauga, Ontario",0.0,1
"Missouri, USA",0.0,1
Mo.City,0.0,2
"Mogadishu, New Jersey",0.0,1
"Mogadishu, Somalia",1.0,1
"Moncton, New Brunswick",1.0,2
Mongolia,0.5,2
Montana ,1.0,1
"Montana, USA",0.0,1
"Monterrey, MГЊВ©xico",0.0,1
"Montgomery County, MD",0.0,1
"Montgomery, AL",1.0,1
Montreal,1.0,1
"MontrГЊВ©al, QuГЊВ©bec",0.0,1
"Moore, OK",0.0,1
"Mooresville, NC",1.0,1
"Mooseknuckle, Maine",1.0,1
"Morganville, Texas.",0.0,1
"Morioh, Japan",0.0,6
Morocco,0.0,1
"Morris, IL",0.0,1
Moscow,0.5,2
"Moscow, Russia",0.0,1
"Mostly Wellington, NZ ",0.0,1
Mostly Yuin.,0.0,1
"Mount Vernon, NY",0.0,1
Mountains,0.0,1
Mpela'zwe ,0.0,1
Multinational *****,0.0,1
Mumbai,0.8636363636363636,22
Mumbai (India),1.0,1
"Mumbai , India",1.0,2
Mumbai india,1.0,1
"Mumbai, India",0.0,1
"Mumbai, Maharashtra",0.75,4
"Muntinlupa City, Philippines",0.0,2
"Murray Hill, New Jersey",0.0,1
My contac 27B80F7E 08170156520,0.0,1
My heart is a ghost town!,0.0,1
My mind is my world,0.0,1
My old New England home,0.0,1
My subconscious,0.0,1
"Mysore, Karnataka",1.0,1
"MГЊВ©rida, YucatГЊГЃn",0.0,1
MГЊВ©xico,0.0,1
MГЊВ©xico D.F.,1.0,1
N. California USA,0.0,1
N?? Y???.,0.0,1
NAIROBI  KENYA ,0.0,1
NAWF SIDE POKING OUT ,1.0,1
NBO,0.0,1
NC,0.0,2
NC || OR,0.0,1
NEPA/570,0.0,1
NEW YORK,0.0,1
NEWCASTLE,0.0,1
"NH via Boston, MA",0.0,1
NIFC,1.0,1
NIGERIA,0.5,2
NJ,0.6666666666666666,3
NJ/NY/NM/NE/ND,1.0,1
NJ/NYC,1.0,1
NOLA ?? TX,0.0,1
NV,0.0,1
NY,0.4,5
NY Capital District,1.0,1
NY || live easy? ,0.0,1
"NY, CT & Greece",1.0,1
"NY, NY",0.0,1
NYC,0.16666666666666666,12
NYC / International,1.0,1
NYC :) Ex- #Islamophobe,0.6666666666666666,3
NYC area,0.0,1
NYC metro,0.0,1
NYC&NJ,0.0,1
"NYC, New York",0.0,1
"NYC,US - Cali, Colombia",0.0,1
NYC-LA-MIAMI,1.0,1
NYHC,1.0,1
Na waffi,1.0,1
"Na:tinixw / Hoopa, Berkeley",1.0,2
"Nadiad ,Gujarat , India!!",0.0,1
Nagpur,0.0,1
Nairobi,0.6666666666666666,3
"Nairobi , Kenya",0.0,1
"Nairobi, Kenya",0.6666666666666666,3
"Nairobi, Kenya ",1.0,1
Nairobi-KENYA,1.0,4
Nakhon Si Thammarat,1.0,1
Namjoon's pants,0.0,1
"Nanaimo, BC, Canada",1.0,1
"Nantes, France",1.0,1
"Napa, CA",0.0,1
Naperville,0.6666666666666666,3
Narnia,0.0,3
"Narnia, Maryland",0.0,1
Nashua NH,1.0,1
Nashville,1.0,1
"Nashville, TN",0.7777777777777778,9
"Nashville, Tennessee",1.0,1
"Nashville, Tn",0.0,1
"Near Richmond, VA",0.0,1
Near Warrington,0.0,1
Near Yosemite,0.0,1
"Neath, South Wales",0.0,1
"Nebraska, Colorado & The GLOBE",1.0,1
"Nelspruit, South Africa",1.0,1
Netherlands,1.0,1
"Netherlands,Amsterdam-Virtual ",0.0,1
Nevada (wishing for Colorado),0.0,1
"Nevada, USA",0.0,1
Neverland,0.0,1
"New Britain, CT",0.0,1
"New Brunswick, NJ",0.0,1
New Chicago,1.0,1
New Delhi,1.0,1
"New Delhi, Delhi",0.5,2
"New Delhi, India",1.0,2
"New Delhi,India",1.0,1
New England,0.5,2
New Hampshire,0.6,5
"New Hampshire, USA",0.0,1
"New Hanover County, NC",1.0,2
"New Haven, Connecticut",1.0,1
New Jersey,0.2,5
New Jersey ,1.0,1
"New Jersey, USA",1.0,1
"New Jersey, usually",0.0,1
New Jersey/ D.R.,1.0,1
New Jersey/New York,0.0,1
"New Mexico, USA",0.0,1
"New Orleans ,Louisiana",0.6666666666666666,3
"New Orleans, LA",0.0,3
"New Orleans, Louisiana",0.0,1
"New South Wales, Australia",1.0,1
New Sweden,0.5,2
New York,0.22535211267605634,71
New York ,0.5,2
New York - Connecticut,0.0,1
New York / Worldwide,1.0,1
New York 2099,0.0,1
New York ? ATL,0.0,1
New York Brooklyn,0.0,1
New York City,0.6,10
"New York City ,NY",0.0,1
"New York City, NY",1.0,1
New York NYC,0.0,1
"New York, NY",0.4666666666666667,15
"New York, NY ",0.0,1
"New York, New York",0.5,2
"New York, USA",0.2,5
"New York, United States",0.0,1
New York. NY,0.0,1
New Your,0.0,1
New Zealand,1.0,2
"Newark, NJ",0.0,2
Newcastle,0.4,5
"Newcastle Upon Tyne, England",0.0,2
Newcastle upon Tyne,1.0,1
"Newcastle, England",0.0,1
"Newcastle, England ",0.0,1
"Newcastle, OK",0.0,1
"Newport, Wales, UK",1.0,1
"Newton Centre, Massachusetts",1.0,1
"Newton, NJ 07860",0.0,1
"Niagara Falls, Ontario",0.5,2
Niall's arms,0.0,1
Nice places ,0.0,1
Nicola Valley,1.0,1
"Nicoma Park, OK",1.0,1
Nigeria,0.7857142857142857,28
Nigeria ,1.0,4
"Nigeria, Global",1.0,1
"Nigeria, WORLDWIDE",0.0,1
Nirvana,0.0,1
"Njoro, Kenya",1.0,1
"No ID, No VOTE!!!",1.0,1
"Noida, NCR, India",1.0,1
"Nomad, USA",0.0,1
Norf Carolina,0.0,1
"Norman, Oklahoma",1.0,1
North,0.0,1
North America,1.0,1
North Cack/919,0.0,1
North Carolina,0.6,5
North Carolina ,0.0,1
"North Carolina, USA",0.5,4
"North Dartmouth, Massachusetts",0.0,1
North East / Middlesbrough ,0.0,1
North East USA,1.0,1
North East Unsigned Radio,0.0,1
"North East, England",1.0,1
"North Ferriby, East Yorkshire",0.0,1
North Hastings Ontario,0.0,1
"North Highlands, CA",1.0,1
North Jersey,0.0,1
North London,0.0,1
North Memphis/Global Citizen,0.0,1
"North Port, FL",0.0,1
"North Vancouver, BC",1.0,1
North West England UK,1.0,1
North West London,0.0,1
"North-East Region, Singapore",0.0,1
"Northampton, MA",0.0,1
Northern California U.S.A.,1.0,1
Northern Colorado,0.0,1
Northern Ireland,1.0,1
"Northern Kentucky, USA",1.0,1
"Norwalk, CT",0.0,1
Norway,0.5,2
Norwich,1.0,1
"Not Los Angeles, Not New York.",1.0,1
Not Of This World,1.0,1
Not Steven Yeun / AMC.,0.0,1
Not a U.S resident,1.0,1
"Not where I want to be, yet",0.0,1
Nottingham,0.0,1
"Nottingham, England",0.3333333333333333,3
"Nottingham, United Kingdom",0.0,1
Notts,0.0,1
"Nova Scotia, Canada",0.0,1
"Novi, MI",1.0,1
Nowhere Islands/Smash Manor,0.0,1
Nowhere. Everywhere.,0.0,3
Numa casa de old yellow bricks,1.0,1
Numenor,0.0,1
Nunya,0.0,1
OES 4th Point. sisSTAR & TI,1.0,1
OK,0.0,1
ON,1.0,1
Oakland,0.0,2
"Oakland, CA",0.75,4
"Oakland, Ca",0.0,1
Oblivion?,0.0,1
"Ocean City, NJ",1.0,1
"Odawara, Japan",0.5,2
Official Website,0.0,1
"Ogba, Lagos, Nigeria",1.0,1
Ohio,0.0,1
"Ohio, USA",0.0,2
"Ojodu,Lagos",0.0,1
"Okanagan Valley, BC",1.0,1
Oklahoma,0.0,1
Oklahoma City,0.3333333333333333,3
"Oklahoma City, OK",0.8333333333333334,6
"Oklahoma, USA",0.0,1
"Okuma Town, Fukushima",0.0,1
"Olathe, KS",1.0,1
Old Blighty,1.0,1
Oldenburg // London,0.0,1
"Olympia, WA",0.5,2
On a beach ,1.0,1
On the court ,0.0,1
On the toilet having a dump ,1.0,1
Ondo,1.0,1
One World,1.0,1
"Oneonta, NY/ Staten Island, NY",1.0,1
Online 24/7. Not even kidding.,1.0,1
Ontario,1.0,1
Ontario Canada,0.0,2
"Ontario, Canada",0.6666666666666666,3
"Ontario, Canada. ",0.0,1
"Orange County, CA",1.0,1
"Orange County, Calif.",1.0,1
"Orange County, California",0.5,2
"Orange County, NY",0.0,1
"Orbost, Victoria, Australia",1.0,1
Oregon,0.25,4
Oregon and Washington,0.0,1
"Oregon, USA",0.0,3
Orlando,0.0,1
Orlando ,0.0,1
"Orlando, FL",0.3333333333333333,6
"Orlando, Fl",0.0,2
"Orlando,FL  USA",0.0,1
"Orlando/Cocoa Beach, FL",0.0,1
Orm,0.0,1
"Ormond By The Sea, FL",1.0,1
"Oshawa, Canada",0.0,1
Oshawa/Toronto,1.0,1
"Oslo, Norway",1.0,1
"Otsego, MI",0.0,1
"Ottawa, Canada",0.5,2
"Ottawa, Ontario",1.0,1
"Ottawa,Ontario Canada",0.0,1
Our Empire State,1.0,1
"Outside The Matrix, I Think.",1.0,1
Over the Moon...,1.0,1
"Overland Park, KS",1.0,1
Overton NV,0.0,1
Own planet!!,1.0,1
Oxford / bristol,0.0,1
"Oxford, MS",1.0,1
"Oxford, OH",0.0,1
PA,0.0,3
"PA, USA",1.0,1
PA.USA,0.0,1
PARACHUTE,0.0,1
PDX,1.0,1
PG Chillin!,1.0,1
"PG County, MD",0.0,1
PH,0.0,1
PLFD cuh..,0.0,1
POFFIN,0.0,1
PROUD INDIANS,1.0,1
PROV,0.0,1
"PS4, now stop asking",0.0,1
PSA Nursing ,0.0,1
PSN: Pipbois ,0.0,1
PURPLE BOOTH STUDIOВ‰ГЈВў,0.0,1
Pacific Northwest,1.0,1
"Paducah, KY",1.0,1
Paignton,0.25,4
Pakistan,0.6,5
"Pakistan, Islamabad",1.0,1
"Palermo, Sicily",1.0,1
Palestine ,0.0,1
Palestine Texas,1.0,1
"Palm Bay, FL (Kissimmee)",1.0,1
"Palm Beach County, FL",1.0,1
"Palm Desert, CA",0.0,1
"Palma, Islas Baleares",1.0,1
"Palmyra, NJ",0.0,1
"Palo Alto, CA",0.5,2
"Palo Alto, California",1.0,2
Paname City,0.0,1
PanamГЊГЃ ,0.0,1
"Paonia, Colorado ",1.0,1
Paradise City,0.0,1
"Paradise, NV",0.0,1
Paranaque City,0.0,1
Paris,0.5,2
Paris ,1.0,1
Paris (France),0.0,1
"Paris, France",1.0,1
Paris.,0.0,1
"Park Ridge, Illinois",0.0,1
Passamaquoddy,1.0,1
"Paterson, New Jersey ",0.8333333333333334,6
Patra-Greece.,1.0,1
"Paulton, England",0.0,1
Pawnee,0.0,1
Pedophile hunting ground,0.8333333333333334,6
PekanbaruГҐВЎBatam IslandГҐВЎMedan,0.0,1
"Pelham, AL",0.0,1
Pembroke NH,0.0,1
"Penn Hills, PA",0.0,1
Pennsylvania,0.4,5
"Pennsylvania, PA",0.0,1
"Pennsylvania, USA",0.0,7
"Pensacola, FL",1.0,1
Peoria,1.0,1
"Perenjori, WA",1.0,1
"Perth, Australia",1.0,1
"Perth, Western Australia",0.5,2
Perthshire ,0.0,1
Peru,0.0,1
Peshawar,0.0,1
"Petaluma, CA",0.0,1
"Peterborough, On",1.0,1
"Peterborough, Ont.",1.0,1
"Peterborough, Ontario, Canada",1.0,1
Phila.,0.0,1
Philadelphia,1.0,2
"Philadelphia, PA",0.5,4
"Philadelphia, PA ",0.5,2
"Philadelphia, PA USA",1.0,1
"Philadelphia, Pennsylvania",0.0,1
"Philadelphia, Pennsylvania USA",0.0,1
Philippines,0.6,5
Philippines ,1.0,1
Phoenix,0.5,2
Phoenix Az,1.0,1
"Phoenix, AZ",0.75,4
"Phoenix, Arizona, USA",1.0,1
Photo : Blue Mountains ,0.0,1
"Piedmont Area, North Carolina",1.0,1
"Piedmont Triad, NC",1.0,1
"Pig Symbol, Alabama",1.0,1
"Pioneer Village, KY",1.0,1
Pittsburgh,0.0,2
Pittsburgh ,0.0,1
Pittsburgh PA,0.0,1
Plain O' Texas,1.0,1
Planet Earth,0.6666666666666666,6
"Planet Eyal, Shandral System",1.0,1
Planet of da Bathing Apes,1.0,1
"Plano, IL",0.0,1
"Plano, Texas",0.0,1
"Plano,TX",0.0,1
Play For Ryan ??,0.0,1
Playa,1.0,1
"Playa del Carmen, Mexico",1.0,1
"Pleasanton, CA",0.0,1
Pluto,0.0,1
"Pocatello, ID",1.0,1
"Pocatello, Idaho",0.0,1
Poconos,0.0,1
Polmont ,0.0,1
Pomfret/Providence,0.0,1
"Pompano Beach, FL",0.0,1
Pon Di Gully,0.0,1
Pontefract UK,1.0,1
"Pontevedra, Galicia",0.0,1
"Poplar, London",0.0,1
"Port Charlotte, FL",0.0,1
"Port Harcourt, Nigeria",0.75,4
"Port Jervis, NY",0.0,1
"Port Orange, FL",1.0,1
Port Williams NS,1.0,1
"Portage, IN / Worldwide",1.0,1
Porthcawl,1.0,1
"Portland, OR",0.3333333333333333,6
"Portland, Ore. ",1.0,2
"Portland, Oregon",1.0,4
"Porto Alegre, Rio Grande do Sul",0.0,1
Portoviejo-Manabi-Ecuador,0.0,1
"Portsmouth, UK",0.0,1
"Portsmouth, VA",0.0,1
Portugal,0.5,2
Positive 852,0.0,1
Pratt-on-Wye,0.0,1
"Predjama, Eslovenia.",0.0,1
Prehistoric Earth,0.0,1
Pretoria,0.0,2
Primum non nocere,1.0,1
Principality of Zeron,1.0,1
Pro-American and Anti-#Occupy,1.0,1
Proud @BuckMasonUSA supporter!,1.0,1
Proudly Canadian!,0.0,1
Proudly frozen Canuck eh !!,0.0,1
Providence RI / Lisnaskea ,1.0,1
"Pueblo, CO",1.0,1
"Pueblo, Colorado",0.0,1
Puerto Rico,0.8,5
PunPunlГЊВўndia,0.0,1
"Pune, Maharashtra",1.0,1
"Pune, mostly ",0.0,1
Punjab,1.0,1
Purfleet,1.0,1
"Purgatory, USA",0.0,1
QLD Australia,1.0,1
QUEENS.,0.0,1
"Quantico, VA",0.0,1
Queen Creek AZ,0.0,1
Queens New York,0.0,1
"Queens, NY",0.0,1
Queensland,0.0,1
"Queensland, Australia",1.0,1
"Quezon City, Philippines",1.0,1
"Quilmes , Arg",1.0,1
Quincy,0.0,1
Quincy MA,1.0,1
"Quito, Ecuador.",1.0,1
"R'lyeh, South Pacific",1.0,1
REPUBLICA DOMINICANA,1.0,2
RSN: Tru,0.0,1
Rafael castillo,0.0,1
Raleigh (Garner/Cleveland) NC,0.0,1
"Raleigh Durham, NC",1.0,1
"Raleigh, NC",1.0,3
"Rapid City, Black Hills, SD",1.0,1
"Rapid City, South Dakota",1.0,1
Reading MA,1.0,1
Reading UK,0.0,1
Reading a romance novel,0.0,1
Reality,1.0,1
Realville,1.0,1
"Redding, California, USA",1.0,2
Reddit,0.0,1
Reddit ,1.0,2
"Redondo Beach, CA",1.0,1
Regalo Island,0.0,1
"Renfrew, Scotland",0.0,2
Republic of Texas,0.5,4
Republic of the Philippines,1.0,1
Republica Dominicana,1.0,1
"Reston, VA, USA",1.0,1
Rheinbach / Germany,0.0,1
Rhode Island,0.0,1
RhodeIsland,0.0,1
Rhyme Or Reason?,1.0,1
Richardson TX,0.0,1
"Richmond Heights, OH",0.0,1
"Richmond, VA",0.0,1
Right here,0.0,1
Right next to Compton,0.0,1
Rio,0.0,1
Rio de Janeiro,0.0,3
"Riverdale, GA ",0.0,1
"Riverside, CA",0.0,1
"Riverside, California.",1.0,1
"Riverview, FL ",0.0,1
Riyadh,0.5,2
Riyadh '),1.0,1
Roads/Trails Everywhere,0.0,1
Roadside,0.0,1
Roaming around the world,1.0,2
Roanoke VA,0.0,1
"Roanoke, VA",0.5,2
Robin Hood's County ,0.0,1
"Rochelle, GA",0.0,1
Rochester,0.0,1
"Rochester Hills, MI",0.0,1
"Rochester, NY",0.0,1
"Rock Hill, SC",0.0,2
"Rock Springs, WY",1.0,1
Rocketing through the galaxy,1.0,1
"Rockford, IL",0.0,1
"Rockland County, NY",1.0,1
"Rockville, Maryland",1.0,1
Rocky Mountains,1.0,2
"Rogersville, MO",1.0,1
Romania,0.0,1
"Rome, Italy",1.0,1
Room 234,1.0,1
"Roppongi, Minato, Tokyo ",0.0,1
"Rotterdam, The Netherlands",0.0,1
"Rotterdam, Zuid-Holland",0.0,1
Royton,0.0,1
Rural Northern Nevada,0.0,1
Russia,0.0,1
"Rutherfordton, NC",0.0,1
S.F. Bay area,1.0,1
SD |Norway| KSA,1.0,1
SE London(heart is by the sea),1.0,1
SEA Server,0.0,1
"SEATTLE, WA USA",1.0,1
SEC Country,0.0,1
SF Bay Area,0.5,2
"SF Bay Area, California / Greater Phoenix, AZ",0.0,1
SOUTHERN CALIFORNIA DESERT,0.0,1
STL ?NOLA,0.0,1
SURROUNDED BY WEEABOOS,1.0,1
SWMO,1.0,2
SWinfo@dot.state.al.us,1.0,1
Sacae Plains,1.0,1
Sacramento,1.0,4
"Sacramento, CA",0.7,10
"Sacramento, California",0.0,1
"Saint Louis, Missouri",0.0,1
Saint Lucia,1.0,1
"Saint Marys, GA",0.0,1
Saint Paul,1.0,1
"Saipan, CNMI",1.0,1
"Sale, England",0.0,1
"Saline, MI",1.0,1
"Salt Lake City, UT",1.0,1
"Salt Lake City, Utah",0.0,1
"Saltillo, Coahuila de Zaragoza",0.0,1
"San Antonio, TX",0.5,2
"San Antonio-ish, TX",1.0,1
San Diego,0.3333333333333333,3
San Diego CA,1.0,1
San Diego California 92101,1.0,2
"San Diego, CA",0.3333333333333333,9
"San Diego, Calif.",0.0,1
"San Diego, California",0.0,1
"San Diego, Texas.",0.0,1
San Francisco,0.42857142857142855,14
"San Francisco , CA",1.0,1
San Francisco Bay Area,0.5,4
"San Francisco, CA",0.6363636363636364,11
San Fransokyo,0.0,1
San Jose,0.0,1
"San Jose, CA",0.2,5
"San Jose, CA, USA",1.0,1
"San Jose, California",0.5,2
"San Juan, Puerto Rico",0.0,1
"San Luis Obispo, CA",1.0,1
"San Mateo County, CA",1.0,1
Sand springs oklahoma,0.0,2
"Sandton, South Africa",0.0,1
"Sanganer, Rajasthan",1.0,1
"Santa Clara, CA",1.0,1
"Santa Cruz, CA",0.5,2
"Santa Maria, CA",0.0,1
"Santa Monica, CA",0.0,1
Santiago Bernabeau,0.0,1
Santiago de Chile,1.0,1
Santiago de Cmpostela Galicia,1.0,1
"Santiago,RepГЊВјblica Dominicana",1.0,1
Santo Domingo Alma Rosa ,1.0,1
Sao Paulo,1.0,1
"Sao Paulo, Brazil",0.0,1
"Sarasota, FL",0.5,2
"Saskatchewan, Canada",0.0,1
SaudI arabia - riyadh ,0.0,1
Saudi Arabia,1.0,1
Savage States of America,1.0,1
"Savannah, GA",1.0,1
"Scituate, MA",0.0,1
Score More Goals Buying @,0.0,1
Score Team Goals Buying @,0.0,1
Scotland,0.5,8
Scotland ,1.0,1
"Scotland, United Kingdom",0.5,2
"Scotts Valley, CA",0.0,1
"Scottsdale, AZ",0.0,1
Scottsdale. AZ,0.0,1
"Screwston, TX",1.0,1
Searching for Bae ,1.0,1
Seattle,0.36363636363636365,11
Seattle WA,1.0,1
"Seattle native in Prescott, AZ",0.0,1
"Seattle, WA",0.42857142857142855,7
"Seattle, Washington",0.0,4
See the barn of bleakness,0.0,1
Selangor,1.0,1
Selena | Britney | Hilary,0.0,1
Selma2Oakland,1.0,2
"Semarang, Indonesia",0.0,1
Serva Fidem,1.0,1
Sevier County.,1.0,1
Shady Pines ,0.0,1
"Shah Alam,Malaysia",0.0,1
Shanghai,0.0,1
"Sharkatraz/Bindle's Cleft, PA",0.0,1
Sheff/Bangor/Salamanca/Madrid,0.0,1
"Sheffield Township, Ohio",1.0,1
Sheffield/Leeds,1.0,1
Shelby County,1.0,1
"Sherwood, Brisbane, Australia",0.0,1
Shipwreck Cove,1.0,1
"Shirley, NY",0.0,1
Shity land of Northern Ireland,0.0,1
Shrewsbury,0.0,1
"Sicamous, British Columbia",1.0,1
"Silang, Cavite / ParaГЊВ±aque",0.0,1
"Silesia, Poland",0.0,1
Silicon Valley,0.5,2
"Silver Spring, MD",0.5,2
Silvermoon or Ironforge,1.0,1
Singapore,0.3333333333333333,6
"Sioux Falls, S.D. ",1.0,1
"Sioux Falls, SD",0.0,1
Skyhold,1.0,1
Skyport de la Rosa,0.0,1
Slappin and Smackin ,0.0,1
"Slateport City, Hoenn",0.0,1
"Slatina,Romania",0.0,1
"Sligo and Galway, Ireland",1.0,1
Smash Manor/Kanto,0.0,1
SoCal,0.0,1
SoDak,1.0,1
"Sochi, KDA, RU",0.0,1
Somalia,0.5,2
Some Where in this World,0.0,1
Some other mansion,0.0,1
Some pum pum,0.0,1
Some where,0.0,1
"Somecity, Somerset, MD",0.0,1
Someday I'll live in England. ,0.0,1
"Somerset, UK",0.0,1
Somewhere,0.0,1
Somewhere ,0.0,1
Somewhere Around You,1.0,1
Somewhere Only We Know ?,0.0,2
Somewhere Out There,1.0,1
Somewhere Powerbraking A Chevy,0.0,1
Somewhere between Chicago & Milwaukee,0.0,1
Somewhere between here & there,0.0,1
Somewhere else...,0.0,1
Somewhere in China.,1.0,1
Somewhere in Jersey,0.0,1
Somewhere in Spain,1.0,1
Somewhere in the Canada,1.0,2
Somewhere out there,1.0,1
Somewhere with Clyde,0.0,1
Soufside,0.0,1
Soul Somalia/Body Montreal,0.0,1
South 37,1.0,1
South Africa,0.25,8
South Asia,1.0,1
"South Bloomfield, OH",1.0,1
South Carolina,1.0,1
"South Carolina, USA",0.0,1
South Central Wales,0.0,1
South Florida,0.0,1
South Korea GMT+9,0.0,1
"South Pasadena, CA",0.0,1
South Stand,0.0,2
"South West, England",1.0,1
South africa,0.0,1
South east of U.K,0.0,1
South of D.C.,1.0,1
"South, England",1.0,1
"South, USA",0.6666666666666666,3
SouthEast Asia,1.0,1
Southern Califorina,0.0,1
Southern California,0.4,5
Southern Maine,1.0,1
Spain,1.0,1
Spain - China - Latin America.,0.0,1
"Spain but Opa-Locka, FL",1.0,1
Spare 'Oom,0.5,2
Speaking the Truth in Love,0.0,1
Spinning through time.,0.0,1
"Spokane, WA",0.5,2
"Spokane, Washington",1.0,1
"Spokane, Washington 99206",0.0,1
"Spring Grove, IL",0.0,1
Spring Tx,0.0,1
Spying on your thoughts,1.0,1
"Srinagar,Kashmir",1.0,1
"St Austell, Cornwall",0.0,1
"St Charles, MD",0.0,2
St Joseph de Beauce,1.0,1
"St Louis, MO",1.0,1
"St Paul, MN",0.0,2
St PetersburgFL,0.0,1
"St. Catharines, Ontario",0.0,1
"St. John's, NL, Canada",1.0,1
"St. Joseph, Minnesota",1.0,1
St. Louis,1.0,1
St. Louis Mo.,0.0,1
"St. Louis, MO",0.3333333333333333,3
"St. Louis, Missouri",0.0,1
"St. Louis, Mo",0.0,1
St. Patrick's Purgatory,1.0,1
"St.Cloud, MN",0.0,1
Stage with Trey Songz,0.0,1
"Stalybridge, Tameside",1.0,1
Stamford & Cork (& Shropshire),1.0,1
Stanford University,0.0,1
Starling City,0.0,1
"State College, PA",0.3333333333333333,3
"State College, Pa",1.0,1
State of Dreaming,0.0,1
State of Georgia,0.0,1
Stateless Global Citizen,1.0,1
Statute Of Limitations_,0.0,1
Stay Fly?,1.0,1
Stay Tuned ;) ,1.0,1
Still. ??S.A.N.D.O.S??,0.0,1
"Stockholm, Sweden",0.6666666666666666,3
Stockton on tees Teesside UK,1.0,1
Storybrooke ,0.0,1
Storybrooke / The Moors,0.0,1
Stowmarket,1.0,1
"Stratford, CT",1.0,1
Street of Dallas,1.0,2
Studio,1.0,1
Subconscious LA,0.3333333333333333,3
"Suburban Detroit, Michigan",1.0,1
"Sugar Land, TX",0.0,1
"Sugarhouse, UT",0.0,1
"Suginami-ku, Tokyo, Japan",1.0,1
Suitland,0.0,1
"Sumter, SC",0.0,1
"Sunbury, Ohio",0.0,1
Sunny South florida ,0.0,1
"Sunnyvale, CA",0.0,1
"Sunrise Manor, NV",1.0,1
"Sunshine Coast, Queensland",0.0,1
Suplex City,0.5,2
Surabaya,1.0,1
Surrey & Manchester,0.0,1
"Surry Hills, Sydney",0.0,1
"Surulere Lagos,Home Of Swagg",1.0,1
"Sutton, London UK",0.0,1
"Suva, Fiji Islands.",0.0,1
Swag Francisco,0.0,1
Swan River,0.0,1
Swaning Around,0.5,2
Sweden,0.3333333333333333,3
"Swindon,England ",0.0,1
Switzerland,0.0,4
Sydney,0.5714285714285714,7
Sydney & Worldwide,0.0,1
Sydney Australia,1.0,2
"Sydney, Australia",0.75,4
"Sydney, NSW",1.0,1
"Sydney, New South Wales",0.75,4
"Sylacauga, Alabama",1.0,1
SГЊВЈo Paulo,0.5,2
"SГЊВЈo Paulo SP,  Brasil",1.0,1
"SГЊВЈo Paulo, Brasil",1.0,1
T E X A S | wwat 8.24.14,0.0,1
T-Ville,1.0,1
THANJAVUR,1.0,1
THE 6IX,0.0,1
THE WORLD T.G.G / M.M.M ,0.0,1
TN,0.0,1
"TV5, Philippines",1.0,1
TX,0.0,2
"Tacoma,Washington",0.0,1
Tafekop Ga-Matsepe,1.0,1
Tallahassee Florida,1.0,1
"Tallahassee, FL",0.0,1
"Tama, Iowa",1.0,1
Tampa,0.0,1
"Tampa, FL",0.4,5
"Tampa, Fl",1.0,1
"Tampa-St. Petersburg, FL",1.0,1
Tamworth,0.0,1
Tarragona,0.0,1
Taylor Swift,0.0,3
Team Slytherin,0.0,1
TechFish ,0.0,1
"Ted&Qz Inc, Ireland, Europe",0.0,1
Telangana,1.0,1
"Tema,Accra",1.0,1
"Temecula, CA",1.0,1
Temporary Towers,0.0,1
Tennessee,0.5714285714285714,7
"Tennessee, USA",1.0,1
Tennessee/Gallifrey,1.0,1
"Terlingua, Texas",1.0,1
"Terre Haute, IN",0.0,1
Texas,0.3,10
Texas ,0.0,1
Texas af,1.0,1
"Texas, USA",0.0,5
Texas-USAВ‰ГЈВў ?,1.0,1
Thailand,0.5,2
Thailand Malaysia Indonesia ,1.0,1
Thane,1.0,1
The 5th Dimension. ,1.0,1
The ?? below ???,1.0,1
The American Wasteland (MV),0.0,2
The Canopy Kingdom,0.0,1
The Circle of Life,0.0,1
"The Citadel, Oldtown, Westeros",0.0,1
The D,1.0,1
The Desert,1.0,1
The Desert of the Real,1.0,1
The Empire/First Order,0.0,1
"The Epicenter, and Beyond",0.0,1
The Forever Girl,0.0,1
The Globe,1.0,1
The Great State of Maine ,1.0,1
The Great State of Texas,1.0,1
The Grey Area,1.0,1
"The Hammock, FL, USA",1.0,1
The Harbinger.,0.0,1
The Howling,0.0,1
The Internet,1.0,1
The Internet & NYC,0.0,1
The Internetz,0.0,1
The Jewfnited State,0.0,1
"The Kingdom of Fife, Scotland",0.0,1
The Land of MAss Stupidity,1.0,1
The Low-Cal Calzone Zone,1.0,1
The Main ,0.0,1
The Meadow,0.0,1
The Memesphere,0.0,1
The Multiverse,0.0,1
The Netherlands,0.8,5
The North,0.0,1
The Orwellion police-state,0.0,1
The P (South Philly),1.0,1
The Peach State,1.0,1
The Pig Sty,1.0,1
The Pumpkin Carriage of Dreams,1.0,1
"The Sanctuary Network, Rome",0.0,1
The Shady Hyenatown of Finland,0.0,1
The Shire,0.0,1
The South & WestCoast ,0.0,1
The Sun's Corona,0.0,1
The TARDIS,0.0,1
The Triskelion,0.0,1
The UK,0.0,1
The Universe,0.5,2
The Waystone Inn,0.0,1
The Web,0.0,1
The Weird Part of Wonderland,1.0,1
The Windy City,1.0,1
The Wood,0.0,1
The World,1.0,1
The barn,0.0,1
The dark,0.0,1
The green and pleasant land.,1.0,1
The land of New Jersey. ,1.0,1
The shores of Lake Kilby,0.0,1
The windy plains of Denver,0.0,1
"Thibodaux, LA",0.0,1
Third rock from the Sun,0.0,1
This Is Paradise. Relax. ,1.0,1
Thornton  Colorado,0.0,1
Thrissur,1.0,1
"Timaru District, New Zealand",1.0,1
Tipperary (Long Way) ,1.0,1
Tips on my blog at,0.0,1
Tn,0.0,1
To The Right of You!,0.5,2
Tokyo,0.5,4
Tokyo & Osaka,1.0,1
"Toledo, OH",0.0,1
TonyJ@Centralizedhockey.com,1.0,1
Top Secret,1.0,1
Top secret bunker ,1.0,1
"Topeka, KS",0.0,1
"Tornado Alley, USA ",1.0,1
Toronto,0.5833333333333334,12
"Toronto, Bob-Lo, Miami Beach",1.0,1
"Toronto, Canada",0.0,2
"Toronto, ON",1.0,1
"Toronto, ON, Canada",0.0,1
"Toronto, Ontario",0.6666666666666666,3
"Toronto, Worldwide ",0.0,1
Toronto-Citizen of Canada & US,1.0,1
"Torrance, CA",0.0,1
Torry Alvarez love forever ? ?,0.0,1
Trackside California,0.0,1
Tractor land aka Bristol,0.0,1
Trancy Manor,0.0,1
Trapped in my Conscience ,0.0,1
Travelling around the world ,0.0,1
"Traverse City, MI",1.0,1
"Tri-Cities, Wash.",1.0,1
Tring ,1.0,1
"Tring, UK",0.0,1
Trinidad & Tobago,0.5,2
Trinidad and Tobago,0.5,2
"Trinity, Bailiwick of Jersey",1.0,1
"Tripsburg, ms.",0.0,1
Trost District,0.0,1
"Trumann, Arkansas",0.0,1
"Tucson, AZ",1.0,1
"Tucson, Arizona ",1.0,1
"Tucson, Az",1.0,1
"Tulalip, Washington",0.0,1
"Tulsa, OK",1.0,1
"Tulsa, Oklahoma",1.0,3
Tunbridge Wells,0.0,1
Turkmenistan,0.0,1
Twitter Lockout in progress,0.0,1
Twitterville,1.0,1
Two Up Two Down,0.0,1
"Tyler, TX",0.0,1
TГЊГЃchira - Venezuela,1.0,1
U.K.,1.0,2
U.S,0.0,1
U.S.,1.0,1
U.S. Northern Virginia,1.0,1
U.S.A,0.75,4
U.S.A and Canada,0.0,1
U.S.A.   FEMA Region 5,0.0,1
U.S.A. - Global Members Site,1.0,1
"UAE,Sharjah/ AbuDhabi",0.0,1
UGA '15 Alumnus - Economics ,0.0,1
UK,0.5925925925925926,27
UK  & Germany,1.0,1
UK & Ibiza,0.0,1
UK Great Britain ,0.0,1
"UK, Republic of Ireland and Australia",0.0,1
"UK,singer,songwriter,?2 act",0.0,1
UPTOWN ,1.0,1
US,0.6666666666666666,9
"US, PA",1.0,1
US-PR,0.0,1
"US: 44.414510,8.942499",1.0,1
USA,0.6442307692307693,104
USA ,0.0,1
USA (Formerly @usNOAAgov),1.0,2
"USA , AZ",0.0,1
USA - Canada - Europe - Asia,1.0,1
"USA, Alabama",1.0,1
"USA, Haiti, Nepal",1.0,1
"USA, North Dakota",1.0,1
"USA, WA",0.0,1
USA/SO FLORIDA via BROOKLYN NY,0.0,1
USAoV,0.0,1
Uganda,0.0,1
Ukraine,1.0,2
Ukraine and Ireland,1.0,1
Under Santa Barbara Skies,1.0,1
Unite. Bless. Wallahi ,0.0,1
United Hoods of the Globe,0.0,1
United Kingdom,0.2857142857142857,14
"United Kingdom,Fraserburgh",0.0,1
United States,0.54,50
United States of America,1.0,2
United States where it's warm,0.0,1
Unites States,1.0,1
"University Heights, Ohio",0.0,1
University of Chicago,0.0,1
University of Limerick,1.0,1
University of South Florida,0.0,1
University of Toronto,0.0,1
Unknown,0.5,2
Unknown ,0.0,1
Unnamed City,0.0,1
Up a hill,0.0,1
"Upper St Clair, PA",0.0,1
"Upper manhattan, New York",1.0,1
"Uppsala, Sweden",0.0,1
Upstairs.,0.6666666666666666,3
Upstate New York,0.0,1
Uruguay / Westeros / Gallifrey,0.0,1
Use #TMW in tweets get #RT,0.0,1
Utah,0.0,3
"Utah, USA",0.0,1
Utica NY,0.0,1
"Uyo, Akwa Ibom State, Nigeria",0.0,1
"V-RP @OZRP_ ?MV, AU, R18+?",0.0,1
VCU,0.0,1
VISIT MY YOUTUBE CHANNEL.,0.0,1
"VONT ISLAND, LAGOS",0.0,1
"Va Beach, Virginia",1.0,1
Vail Valley,0.0,1
Valle Del Sol,0.0,1
Valparaiso ,0.0,1
"Van Buren, MO",0.0,1
Vancouver,1.0,1
Vancouver (HQ) and worldwide,1.0,1
Vancouver BC,0.0,2
Vancouver Canada,0.0,1
"Vancouver, BC",0.2,5
"Vancouver, BC, Canada",0.0,1
"Vancouver, BC.",0.0,1
"Vancouver, British Columbia",0.3333333333333333,3
"Vancouver, Canada",0.0,1
"Vancouver, Colombie-Britannique",0.0,1
Varanasi,1.0,1
Varies ,0.0,1
Venezuela,0.5,2
Ventura,0.0,1
"Ventura, Ca",0.0,1
"Vermont, USA",0.0,1
"Vero Beach , FL",0.0,1
"Very SW CA, USA....Draenor",1.0,1
"Victoria, Australia, Earth",1.0,2
"Victoria, BC",0.6666666666666666,3
"Victoria, BC  Canada",0.0,1
"Victoria, British Columbia",0.6666666666666666,3
"Victoria, Canada",0.0,1
"Victoria, Tx.",1.0,1
"Victorville, CA",0.0,1
Vidalia GA,0.0,1
Viejo,0.0,1
Vietnam,1.0,2
Vilnius,0.0,1
Vineyard,1.0,1
Virginia,0.3333333333333333,3
"Virginia, USA",0.3333333333333333,3
"Virginia, United States",1.0,1
Virgo Supercluster,1.0,1
Visit our  dedicated website @,1.0,1
"Vista, CA",1.0,1
Viterbo BFA Acting '18,1.0,1
VitГЊ_ria (ES),0.0,1
"Voorhees, NJ",1.0,1
VГЊ_a LГЊГЃctea,0.0,1
"VГЊ_sterГЊВґs, Sweden",0.0,1
W.I.T.S Academy,0.0,1
WA State,1.0,2
"WAISTDEEP, TX",0.0,1
"WASHINGTON,DC",0.0,1
WESTSIDE OF PHILLY 7? BLOCK??,0.0,1
WORDLDWIDE,0.0,1
WORLD,0.0,1
WORLD WIDE,0.0,1
WORLDWI$E ,0.0,1
WORLDWIDE!,0.0,1
WORLDWIDE-BOSTON,0.0,1
"WV, love the blue and gold",1.0,1
Waco TX,1.0,1
"Waco, Texas",0.0,1
Waddesdon,1.0,1
"Wahpeton, ND",0.0,1
"Waialua, Hawaii",0.0,1
"Wailuku, Maui",1.0,1
Wakanda,0.0,1
Wakefield MA,1.0,1
"Wakefield, West Yorkshire",0.0,1
Wales,0.0,2
"Wales, United Kingdom",0.0,1
"Walker County, Alabama",1.0,1
"Walthamstow, London",0.0,1
Wanderlust,0.0,1
"Wandsworth, London",0.0,1
Warm Heart Of Africa,0.0,1
"Warrandyte, Australia",1.0,1
Warri,1.0,1
Warsaw,0.0,1
Warszawa,1.0,1
"Warwick, RI @Dollarocracy also",1.0,1
Washington,1.0,2
Washington D.C.,0.6666666666666666,3
Washington DC,0.6666666666666666,3
"Washington DC / Nantes, France",1.0,1
Washington State,1.0,2
Washington state,1.0,1
"Washington, D.C.",0.6923076923076923,13
"Washington, D.C. ",1.0,1
"Washington, D.C., area",0.0,1
"Washington, DC",0.7142857142857143,21
"Washington, DC & Charlotte, NC",1.0,2
"Washington, DC 20009",0.0,1
"Washington, DC NATIVE",0.0,1
"Washington, Krasnodar (Russia)",1.0,1
"Washington, USA",0.5,2
"Wasington, DC",1.0,1
Watch Those Videos -,0.0,1
Waterford MI,0.0,1
Waterfront,0.0,1
"Waterloo, ON",0.0,1
"Waterloo, Ont",1.0,1
"Watertown, Mass.",1.0,1
"Waukesha, WI",0.0,1
"Wausau, Wisconsin",0.0,1
"Waverly, IA",0.0,1
We are global!,1.0,1
We're All Mad Here,0.0,1
"Webster, TX",1.0,1
Wellington,0.0,1
"Wellington, New Zealand",0.0,1
Welt,1.0,1
Wema building,0.0,1
West,1.0,2
West Africa,1.0,1
"West Bank, Gaza Strip",1.0,1
"West Chester, PA",0.0,1
"West Coast, Cali USA",0.0,1
"West Coast, USA",0.0,1
West Hollywood,0.0,1
"West Hollywood, CA",1.0,1
"West Lancashire, UK.",0.0,1
West Midlands,1.0,1
"West Palm Beach, Florida",1.0,1
"West Richland, WA",0.0,1
"West Vancouver, B.C.",0.0,1
"West Virginia, USA",0.5,2
West Wales,1.0,1
"WestEnd, Puritan Ave ",0.0,1
Westchester,0.0,1
Westerland,1.0,1
Western New York,1.0,1
Western Washington,0.0,1
Weston super mare,0.0,1
Weyburn,1.0,1
Where I Need To Be,0.0,1
Where ever i please,0.0,1
Where the money at,0.0,1
Wherever I'm needed,0.0,1
Wherever I'm sent,0.0,1
"Whippany, NJ",0.0,1
"Whitby, ON",0.0,1
"White Plains, NY",0.0,1
"Whiterun, Skyrim",1.0,1
Whole World ,1.0,1
Why should you know?,1.0,1
"Wilbraham, MA",1.0,1
Wild Wild Web,1.0,1
"Wildomar, CA",0.0,1
"Williamsbridge, Bronx, New Yor",1.0,1
"Williamsburg, VA",0.0,1
"Williamstown, VT",0.0,1
"Wilmington, DE",0.0,1
"Wilmington, Delaware",1.0,1
"Wilmington, NC",0.5,2
Wiltshire,1.0,1
"Windsor,Ontario",0.0,1
Winnipeg,0.5,2
"Winnipeg, MB, Canada",0.0,1
"Winnipeg, Manitoba",0.0,2
"Winston Salem, North Carolina",0.0,1
"Winston-Salem, NC",0.3333333333333333,3
"Winter Park, Colorado",0.0,1
Wisconsin,0.0,5
"Wisconsin, USA",1.0,1
Wolmers Trust School for Boys ,1.0,1
Wolverhampton,0.0,1
Wolverhampton/Brum/Jersey,1.0,1
WonderlandВ‰Г›Г“ ?????? ???? ??????,0.0,1
"Wood Buffalo, Alberta",0.0,1
"Woodcreek HS, Roseville, CA",0.0,1
Woosley,0.0,1
"Worcester, MA",1.0,1
World,0.4444444444444444,9
World Wide,0.6666666666666666,3
World Wide Web,0.5,2
World Wide!!,1.0,1
World news,1.0,1
WorldWide,0.8,5
WorldWideWeb,1.0,1
Worldwide,0.631578947368421,19
Worldwide - Global,1.0,1
Worldwide.,0.0,1
Wrex,0.0,1
Wrigley Field,0.0,1
"Wynne, AR",0.0,1
"Wyoming, MI (Grand Rapids)",0.0,1
"Xi'an, China",1.0,1
YA MOTHA BED,1.0,1
"Yadkinville, NC",0.0,1
"Yamaku Academy, Class 3-4",0.0,2
"Yeezy Taught Me , NV",0.0,1
Yellowknife,1.0,1
"Yellowknife, NT",1.0,1
Yewa zone,0.0,1
Ylisse,0.0,1
Yobe State,1.0,1
Yogya Berhati Nyaman,1.0,2
Yooooooo,0.0,1
You're not 19 forever   ,0.0,1
"Youngstown, OH",1.0,1
Your Conversation,0.0,1
Your Sister's Bedroom,1.0,1
Your Six,1.0,1
Your notifications,0.0,1
Your screen,0.5,2
"Yuba City, CA",0.0,1
"Yulee, FL",0.0,1
Yuuko-san's shop,1.0,1
Zac Newsome loves me,0.0,1
"Zeerust, South Africa",0.0,1
Zero Branco,0.0,1
Ziam af ,1.0,1
Zimbabwe,1.0,1
[ Blonde Bi Fry. ],0.0,1
[ kate + they/them + infp-t ],0.0,1
[@blackparavde is my frankie],0.0,1
[Gia.] | #KardashianEmpire,0.0,1
[marvelВ‰Г›Вўdragon ageВ‰Г›Вўwicdiv],0.0,1
a botanical garden probably,0.0,1
a box,0.0,1
"a feminist, modernist hag.",1.0,1
a van down by the river,0.0,1
access to njh/5 and cth/4,0.0,1
africa,1.0,1
aggressive cannoli eater ,0.0,1
"alberta, canada",1.0,1
all over the world,0.0,1
am everywhere,0.0,1
amsterdayum 120615 062415,0.0,1
"antioch, california",0.0,1
antoine fisher ,0.0,1
"anzio,italy",1.0,2
at my home,1.0,1
atlanta,0.0,1
atx,0.0,1
austin tx,0.0,1
"austin, texas",1.0,1
ava,0.0,1
ayr,0.0,1
az,1.0,1
back in japan ??????????,0.0,1
bahstun/porta reeko,0.0,1
bajaur,1.0,1
balvanera,0.0,1
bangalore,1.0,1
beacon hills ,1.0,1
beijing .China,0.0,1
belleville,0.0,1
between ideas & 3-5pm AEST,0.0,1
big boy В‰Г›Вў 0802,0.0,1
bk. ,0.0,1
blackfalds.,0.0,1
boston,0.0,1
"brisbane, australia",0.0,1
"brooklyn, NYC",0.0,1
btwn a rock and a hard place,0.0,1
buenos aires argentina,0.0,1
buffalo / madrid / granada,0.0,1
buhh,0.0,1
but i love kaylen ??,1.0,1
by a piano probably. ,1.0,1
ca(NADA) ,1.0,1
"calgary,ab",1.0,1
california,0.0,1
california mermaid ? ,0.0,1
california | oregon | peru |,0.0,1
call me peach or sam lo,0.0,1
canada,1.0,4
canberra,0.0,1
cedar rapids ia,0.0,1
central chazifornia,0.0,1
cereal aisle #17:i4,1.0,1
chicago,1.0,1
chillin at ceder rapids,0.0,1
china,0.25,4
cigarknub@gmail.com,0.0,1
"cleveland, oh",1.0,1
"cody, austin follows ?*?",1.0,1
cognitive dissonance town,0.0,1
columbus ohio,0.0,1
come here in 20 minutes for an ass kicking,0.0,1
contactSimpleNews@gmail.com,1.0,1
cork,0.0,1
cuba,1.0,1
cyprus,0.0,1
dallas,0.5,2
death star,0.0,1
denmark,1.0,1
denver colorado,0.0,1
"di langit 7 bidadari (^,^ )",1.0,1
dmv ?? fashion school @ KSU. ,0.0,1
don't buy the s*n,0.0,1
don't run,0.0,1
dope show,0.0,1
dorito land,0.0,1
dreamy lake,0.0,1
dubai ,1.0,1
dublin ,0.0,1
ducked off . . . ,0.0,1
dundalk ireland,0.0,1
eARth 3,0.0,1
"eBooks, North America",0.0,1
eating strawberry shitsickles,0.0,1
elena's bed // info on link,0.0,1
elizabeth king,1.0,1
emily | helen | shelley ,0.0,1
en el pais de los arrechos,0.0,1
eritrean,0.0,1
everydaynigerian@gmail.com,1.0,1
everywhere,0.5,2
everywhere ,1.0,1
facebook.com/tradcatknights,1.0,1
far away,0.0,2
fl,0.0,1
fluffy cloud,0.0,1
followurDREAMS(& my instagram),0.0,1
front row at a show,0.0,1
fujo garbage heaven ,0.0,1
"gaffney, sc ",0.0,1
gamertag: bexrayandvav ,1.0,1
garowe puntland somalia,1.0,1
germany,0.0,1
glasgow,1.0,1
global,1.0,1
"golborne, north west england.",0.0,1
guaravitas,0.0,1
h+l,0.0,1
hatena bookmark,0.0,1
have car; will travel,0.0,1
he/him or she/her (ask),0.0,1
"heart of darkness, unholy ?",0.0,1
heccfidmss@gmail.com,0.0,1
hell,0.5,2
hertfordshire.,1.0,1
hey Georgia,0.0,1
high way 99,0.0,1
highlands&slands scotland,0.0,1
hkXfYMhEx,1.0,1
hollywoodland ,0.0,1
home ,0.0,1
honeymoon avenue,0.0,1
houstn,0.0,1
houston,1.0,1
http://twitch.tv/jcmonkey,1.0,1
http://www.amazon.com/dp/B00HR,1.0,2
hyderabad,1.0,1
i beg vines sorry ,1.0,1
"i got 1/13 menpa replies, omg",0.0,1
i love the smurfs 2,0.0,1
i love you zayn,0.0,1
i luv raquel,1.0,1
i'm a Citizen of the World,1.0,1
"iPhone: -27.499212,153.011072",1.0,1
"iPhone: 33.104393,-96.628624",0.0,1
iTunes,1.0,3
iTunes - RSS,1.0,1
iamdigitalent.com,1.0,1
icon: cheese3d,0.0,1
ilford,0.0,1
ill yorker,1.0,1
illinois. united state ,0.0,1
im definitely taller than you.,1.0,1
in Dimitri's arms,0.0,1
in my head,0.0,1
in my own personal hell (:,0.0,1
in the Word of God,0.6,5
india,0.6666666666666666,3
indiana,0.0,1
infj ,1.0,1
instagram- Chloe_Bellx,0.0,1
instagram: bribriony,0.0,1
israel,1.0,1
it's a journey ,0.0,1
italy,1.0,1
japon,0.0,1
jayankondacholapuram.tamilnadu,1.0,1
jeddah | Khartoum,0.0,1
jersey ,0.0,1
justin & ari follow || tvd,0.0,1
kano,1.0,1
kansas,0.0,1
"kediri,,jawa timur",0.0,1
keli x,0.0,1
kenya,0.0,1
khanna,1.0,1
khartoum sudan,0.0,1
"kissimmee,fl.",0.0,1
kisumu,0.0,1
"labuan, malaysia",1.0,1
labyrinthia,0.0,1
lagos nigeria,1.0,1
lagos. Unilag,1.0,1
lakewood colorado,0.0,1
laying on the bass,0.0,1
lee london,1.0,1
lesa * she/her,0.0,1
leyland,0.0,1
liaВ‰Г›ВўdaniВ‰Г›Вўlaura,0.0,1
liverpool ,0.0,1
livin in a plastic world,1.0,1
livin life in the 610,1.0,1
ljp/4,0.0,1
london,0.25,4
london / st catharines ?,0.0,1
london essex england uk,0.0,1
london town..,0.0,1
los angeles,1.0,1
"los angeles, ca",0.0,2
lost in history,0.0,1
lost in my thoughts,1.0,1
"louisville, kentucky",0.0,1
lowestoft,0.0,1
lrhcthband;four - bournemouth,0.0,1
lugo,1.0,1
"m3, k, a, d",0.0,1
mainly California,1.0,1
manaus,1.0,1
"manchester, uk.",0.0,1
marvel | books | hp | tmr,0.0,1
maryland,1.0,1
marysville ca ,0.0,1
melbourne,1.0,1
mexico,0.0,1
mi,0.0,1
miami,1.0,1
miami x dallas ,0.0,1
middle eastern palace,0.0,1
midwest,0.0,1
milky way,0.0,1
mind ya business,1.0,1
missouri USA,1.0,1
mnl,0.0,1
moss chamber b,0.0,1
mpls. ,0.0,1
mumbai,0.0,2
music.,1.0,1
my deli,0.0,1
my house,0.0,1
nap central,1.0,1
nap queen,0.0,1
"nashville, tn ",0.0,1
nbc washington,1.0,1
nc,0.0,1
nearest trash can ,0.0,1
neil's kitchen  |  32215,0.0,1
new york,0.3333333333333333,3
"new york, ny",0.0,1
ngapain?,1.0,1
nigeria,1.0,1
nj,1.0,1
nj/ny,0.0,1
nor*cal,0.0,1
norway,0.0,1
not so cool KY,1.0,1
nowhere,0.0,1
ny,0.0,1
nyc,0.6666666666666666,3
ohio,0.0,1
oklahoma,0.0,1
oman muscat al seeb ,1.0,1
on a catwalk somewhere,0.0,1
on the go,0.0,1
on the web,0.0,1
on to the next adventure,1.0,1
on twitter,0.0,1
on twitter ,0.0,1
ona block w/ my BOY ??,0.0,1
online ,0.5,2
oxford,0.0,1
paradise,1.0,1
"peekskill. new york, 10566 ",0.0,1
"perth, australia ",0.0,1
peshawar pakistan ,0.0,1
"pettyville, usa",0.0,1
ph,0.5,2
philly,0.0,1
philly ,0.0,1
phuket thailand,1.0,1
pissing off antis,0.0,1
pittsboro,1.0,1
planet earth,1.0,1
planeta H2o,0.0,1
playing soccer & eating pizza,0.0,1
please H? ?:??,1.0,1
plymouth,1.0,1
port matilda pa,1.0,1
"portland, oregon",1.0,1
potters bar,0.0,1
prob turning up with sheen,0.0,1
probably not home,0.0,1
probably petting an animal,0.0,1
probably the strip club,0.0,1
probably watching survivor,1.0,1
proudly South African,1.0,1
qosqo,1.0,1
right here,1.0,1
right next to you,0.0,1
rio de janeiro | brazil,0.0,1
rome,0.0,2
rowyso dallas ,0.0,1
rural ohio (fuck),1.0,1
russia,0.0,1
rzl ?,1.0,1
san gabriel la union,0.0,1
santo domingo,1.0,1
satan's colon,0.0,1
scandinavia,0.0,2
scumbernauld,0.0,1
seattle grace mercy death,0.0,1
seattle wa,0.0,1
seoul,1.0,1
she/her/your majesty/empress,0.0,1
sheffield // rotherham,0.0,1
shoujo hell ,1.0,1
sindria,1.0,1
sisterhood,0.0,1
"sitting on Eddie Vedders lap,",0.0,1
"sitting on the fence, New York",0.0,1
snapchat~ maddzz_babby ,0.0,1
sneaking glances at Thancred,0.0,1
someplace living my life,0.0,1
somewhere USA ,0.0,2
somewhere in Indiana ,0.0,1
somewhere in Portugal,0.0,1
somewhere in cali ,0.0,1
somewhere outside,1.0,1
somewhere over a rainbow,1.0,1
somewhere too cold for me,1.0,1
south africa eastern cape,0.0,1
south of heaven ,1.0,1
southern california,0.0,1
"southwest, Tx",0.0,1
sri lanka,1.0,1
ss,0.1,10
st.louis county missouri ,0.0,1
staggering on tenement roofs,0.0,1
statesboro/vidalia,0.0,1
sweden,0.0,1
swindon,0.0,1
"sydney, australia",0.0,1
sГЊВЈo luis,0.0,1
taco bell,1.0,1
taken by piper curda,1.0,1
taking bath do not disturb,0.0,1
taking pain like pleasure,0.0,1
teh internets,0.0,1
texas,0.0,2
texas a&m university,0.0,1
texasss,0.0,1
the Dirty D,0.0,1
the Refrigerator ,0.0,1
the azure cloud,0.0,1
the burrow,0.0,1
the insane asylum. ,0.5,2
the local dump,0.0,1
the moon,0.0,1
the own zone layer ,0.0,1
the road to success,1.0,1
"the void, U.S.A",1.0,1
they/her,0.0,1
they/them,0.0,1
they/them ,0.5,2
timeline kamu,1.0,1
todaysbigstock.com,0.0,1
tokyo,0.0,1
toledo,0.0,1
too far,0.0,1
toronto,0.0,1
toronto В‰Г›Вў dallas,0.0,1
"toronto, ontario",1.0,1
trapped in America,1.0,1
travelling to tae's pants,0.0,1
tri state,1.0,1
tripoli international airport,0.0,1
turner fenton,0.0,1
twitch.tv/naturalemblem26,0.0,1
tx,0.5,2
uk,0.3333333333333333,3
under the blanket,0.0,1
urГЊВЈnus,0.0,1
us,1.0,1
us-east-1a,0.0,1
va,0.5,2
vancouver usa,0.0,2
victoria mozГЊВЈo ,0.0,1
w. Nykae ,0.0,1
walking the tightrope,0.0,1
"washington, d.c.",0.0,1
watford,0.0,1
we?it В‰Г›Вў ixwin,1.0,1
westwestwestwestwestwestwest,1.0,1
where I'm supposed to be,0.0,1
where the wild things are,0.0,1
wherever the $$$ at,0.0,1
wherever there's netflix,0.0,1
wherever-the-fuck washington,1.0,1
whs '17,0.0,1
winston-salem north carolina,1.0,1
wisco,0.0,1
with Doflamingo,0.0,1
wny,0.0,1
world,1.0,2
worldwide,0.42857142857142855,7
wrapped arnd hyuk's finger,1.0,1
www.aprylpooley.com,0.0,1
www.facebook.com/stuntfm,0.0,1
www.tmgcgart.com,0.0,1
www.twitch.tv/PKSparkxx,0.0,1
www.youtube.com?Malkavius2,0.0,1
xiumin's nonexistent solos,1.0,1
y(our) boyfriends legs ,0.0,1
y/e/l,0.0,1
"yorkshire
",0.0,1
youtube.com/channel/UCHWTLC9B4ZjUGh7yDlb55Iw,0.0,1
zboyer@washingtontimes.com,1.0,1
{Detailed},0.0,1
{GoT | Modern AU | Lizz},0.0,1
| CA В‰Г›Вў GA  |,0.0,1
|-/,0.0,1
|| c h i c a g o ||,1.0,1
ВЃГЉwagger!ГЊВђominicanГЊГ·,1.0,1
В‰Г›Вў Views From The Six В‰Г›Вў,0.0,1
В‰Г›Вў5В‰Г›Вў12В‰Г›Вў14В‰Г›Вў | ГҐГ€#SaviourSquadГҐГ‡,0.0,1
В‰Г›Вў901В‰Г›Вў,1.0,1
В‰Г›ВўFLGВ‰Г›Вў,0.0,1
В‰Г›ВўIII.XII.MMXIВ‰Г›Вў,1.0,1
В‰Г›ВўOlderCandyBloomВ‰Г›Вў,0.0,1
В‰Г›ГЉВ‰Г›ГЉВ‰Г›ГЉ,1.0,1
"ГЊГЏT: -26.695807,27.837865",0.0,1
"ГЊГЏT: 0.0,0.0",0.0,1
"ГЊГЏT: 1.50225,103.742992",1.0,1
"ГЊГЏT: 10.614817868480726,12.195582811791382",1.0,2
"ГЊГЏT: 19.123127,72.825133",0.0,1
"ГЊГЏT: 27.9136024,-81.6078532",0.0,1
"ГЊГЏT: 30.307558,-81.403118",0.0,1
"ГЊГЏT: 33.209923,-87.545328",0.0,1
"ГЊГЏT: 35.223347,-80.827834",0.0,1
"ГЊГЏT: 36.142163,-95.979189",0.0,1
"ГЊГЏT: 39.982988,-75.261624",1.0,1
"ГЊГЏT: 40.562796,-75.488849",1.0,1
"ГЊГЏT: 40.707762,-74.014213",0.0,1
"ГЊГЏT: 41.252426,-96.072013",1.0,1
"ГЊГЏT: 42.910975,-78.865828",0.0,1
"ГЊГЏT: 43.631838,-79.55807",0.0,1
"ГЊГЏT: 6.4682,3.18287",1.0,1
"ГЊГЏT: 6.488400524109015,3.352798039832285",1.0,1
"ГЊГёГҐГЂГҐ_T: 40.736324,-73.990062",0.0,1
ГҐ_: ?? ГЊГ‘ ? : ?,0.0,1
ГҐ_ГҐ_Los Mina CityВ‰ГЈВў,0.0,1
ГҐВЎГҐВЎMidwest В‰Г›ВўВ‰Г›Вў,0.0,1
ГҐГЉ(?В‰Г›Вў`?В‰Г›ВўГҐВ«)??,0.0,1
ГҐГё\_(?)_/ГҐГё,1.0,1
